qid,test_id,source_file,type,question_text,word_count,dominant_topic,dominant_topic_probability,topic_entropy_bits,topic_distribution
1,science_biology_2015,science-biology-2015.js,multiple-choice,Red flower color is dominant to white flower color in rose plants. What is the expected result of a cross between two heterozygous rose plants?,16,5,0.94850403,0.43728572130203247,0:0.0074|1:0.0074|2:0.0074|3:0.0074|4:0.0074|5:0.9485|6:0.0074|7:0.0074
2,science_biology_2015,science-biology-2015.js,drag-drop,Place the phases of mitosis in the correct sequence.,5,0,0.85413444,1.0088930130004883,0:0.8541|1:0.0208|2:0.0208|3:0.0208|4:0.0208|5:0.0208|6:0.0208|7:0.0208
3,science_biology_2015,science-biology-2015.js,multiple-choice,"To classify an organism a scientist finds in the field, which of these will the scientist first compare to other known organisms?",10,4,0.9204136,0.6241475939750671,0:0.0114|1:0.0114|2:0.0114|3:0.0114|4:0.9204|5:0.0114|6:0.0114|7:0.0114
4,science_biology_2015,science-biology-2015.js,multiple-choice,"For the growth curve to continue increasing, which of these must occur?",6,2,0.87496334,0.8946895599365234,0:0.0179|1:0.0179|2:0.8750|3:0.0179|4:0.0179|5:0.0179|6:0.0179|7:0.0179
5,science_biology_2015,science-biology-2015.js,multiple-choice,What did Rosalind Franklin contribute to the understanding of DNA molecules?,6,4,0.8749429,0.8948043584823608,0:0.0179|1:0.0179|2:0.0179|3:0.0179|4:0.8749|5:0.0179|6:0.0179|7:0.0179
6,science_biology_2015,science-biology-2015.js,drag-drop,Some functions of several structures of a fish are listed in the chart. Complete the chart by placing the structures of a cell next to the function they perform.,14,7,0.94165325,0.48464691638946533,0:0.0083|1:0.0083|2:0.0083|3:0.0083|4:0.0083|5:0.0083|6:0.0083|7:0.9417
7,science_biology_2015,science-biology-2015.js,multiple-choice,Darwin's explanation for evolution was dependent on which scientific concept?,6,1,0.8749656,0.8946771621704102,0:0.0179|1:0.8750|2:0.0179|3:0.0179|4:0.0179|5:0.0179|6:0.0179|7:0.0179
8,science_biology_2015,science-biology-2015.js,multiple-choice,Which best helps scientists determine the age of fossils?,6,6,0.8748701,0.8952128291130066,0:0.0179|1:0.0179|2:0.0179|3:0.0179|4:0.0179|5:0.0179|6:0.8749|7:0.0179
9,science_biology_2015,science-biology-2015.js,multiple-choice,"A student is investigating the effect of plants on indoor air quality and states, ""If plants are added to an indoor environment, the air quality will improve."" This statement is an example of —",17,3,0.9513683,0.4170830249786377,0:0.0069|1:0.0069|2:0.0069|3:0.9514|4:0.0069|5:0.0070|6:0.0069|7:0.0069
10,science_biology_2015,science-biology-2015.js,multiple-choice,"Although controversial at first, the germ theory of disease proposed that microorganisms were the cause of many diseases. Which of these was a result of the general acceptance that microorganisms cause disease?",17,4,0.9513759,0.4170287847518921,0:0.0069|1:0.0069|2:0.0069|3:0.0069|4:0.9514|5:0.0069|6:0.0069|7:0.0069
11,science_biology_2015,science-biology-2015.js,multiple-choice,A biologist gathered data to show the interaction of the golden-cheeked warbler and juniper tree populations. Which conclusion did the biologist most likely make from the data shown?,16,4,0.94850785,0.43725958466529846,0:0.0074|1:0.0074|2:0.0074|3:0.0074|4:0.9485|5:0.0074|6:0.0074|7:0.0074
12,science_biology_2015,science-biology-2015.js,multiple-choice,Studying the differences between fossils and modern organisms helps scientists better understand the —,9,3,0.91243255,0.6741303205490112,0:0.0125|1:0.0125|2:0.0125|3:0.9124|4:0.0125|5:0.0125|6:0.0125|7:0.0125
13,science_biology_2015,science-biology-2015.js,multiple-choice,"This chart shows observations made of an unknown organism. Based on this information, the organism most likely belongs to the kingdom —",12,1,0.93262595,0.5451894402503967,0:0.0096|1:0.9326|2:0.0096|3:0.0096|4:0.0096|5:0.0096|6:0.0096|7:0.0096
14,science_biology_2015,science-biology-2015.js,multiple-choice,What can be concluded from this graph?,2,0,0.70828056,1.6898925304412842,0:0.7083|1:0.0417|2:0.0417|3:0.0417|4:0.0417|5:0.0417|6:0.0417|7:0.0417
15,science_biology_2015,science-biology-2015.js,multiple-choice,Which statement is an inference based on this information?,4,3,0.8247371,1.1616287231445312,0:0.0251|1:0.0250|2:0.0250|3:0.8247|4:0.0250|5:0.0251|6:0.0250|7:0.0250
16,science_biology_2015,science-biology-2015.js,multiple-choice,The weakness of hydrogen bonds between the bases of DNA allows —,6,1,0.8749337,0.8948558568954468,0:0.0179|1:0.8749|2:0.0179|3:0.0179|4:0.0179|5:0.0179|6:0.0179|7:0.0179
17,science_biology_2015,science-biology-2015.js,multiple-choice,Which of these would most likely result in a change to the current classification of an organism?,7,6,0.62625307,1.500077247619629,0:0.0156|1:0.0157|2:0.0156|3:0.0156|4:0.0156|5:0.0156|6:0.6263|7:0.2799
18,science_biology_2015,science-biology-2015.js,multiple-select,Select the autotrophs.,2,2,0.70831615,1.6897467374801636,0:0.0417|1:0.0417|2:0.7083|3:0.0417|4:0.0417|5:0.0417|6:0.0417|7:0.0417
19,science_biology_2015,science-biology-2015.js,multiple-choice,Five species of frogs that live in separate habitats within 5 non-overlapping ranges along the Mississippi River share a common ancestor. Which process is most likely responsible for the formation of these five distinct species?,22,2,0.9619405,0.34016937017440796,0:0.0054|1:0.0054|2:0.9619|3:0.0054|4:0.0054|5:0.0054|6:0.0054|7:0.0054
20,science_biology_2015,science-biology-2015.js,multiple-choice,Chloroplast process X + H₂O → Y + O₂ The diagram shown represents the input and output of a process performed by the chloroplast of a cell. Which substance is most likely represented by Y?,15,7,0.9452752,0.45977047085762024,0:0.0078|1:0.0078|2:0.0078|3:0.0078|4:0.0078|5:0.0078|6:0.0078|7:0.9453
21,science_biology_2015,science-biology-2015.js,multiple-choice,Which statement best describes her hypothesis?,4,6,0.82493526,1.1606295108795166,0:0.0250|1:0.0250|2:0.0250|3:0.0250|4:0.0250|5:0.0250|6:0.8249|7:0.0250
22,science_biology_2015,science-biology-2015.js,multiple-choice,Seaweeds occupy an important niche in the Chesapeake Bay ecosystem. Which question will best help a student identify the role of seaweeds in this ecosystem?,15,5,0.9452908,0.45966222882270813,0:0.0078|1:0.0078|2:0.0078|3:0.0078|4:0.0078|5:0.9453|6:0.0078|7:0.0078
23,science_biology_2015,science-biology-2015.js,multiple-choice,"In 1950, Erwin Chargaff discovered that the percentage of adenine in DNA equals the percentage of thymine, and that the percentage of cytosine equals the percentage of guanine. This proved invaluable to the eventual discovery of which aspect of DNA?",20,2,0.95833,0.36688026785850525,0:0.0060|1:0.0060|2:0.9583|3:0.0060|4:0.0060|5:0.0060|6:0.0060|7:0.0060
24,science_biology_2015,science-biology-2015.js,multiple-choice,"The study of embryos and other early stages of development can help in the classification of living things, past and present, by providing clues about the —",13,6,0.9374869,0.5128377676010132,0:0.0089|1:0.0089|2:0.0089|3:0.0089|4:0.0089|5:0.0089|6:0.9375|7:0.0089
25,science_biology_2015,science-biology-2015.js,drag-drop,Complete the sentences about water molecules by dragging the correct terms to each box.,8,0,0.9027371,0.7333104014396667,0:0.9027|1:0.0139|2:0.0139|3:0.0139|4:0.0139|5:0.0139|6:0.0139|7:0.0139
26,science_biology_2015,science-biology-2015.js,multiple-choice,Which characteristic do most adult fungi and plants share?,5,6,0.85409886,1.0090835094451904,0:0.0208|1:0.0208|2:0.0208|3:0.0209|4:0.0208|5:0.0208|6:0.8541|7:0.0208
27,science_biology_2015,science-biology-2015.js,multiple-choice,"Students use a dissolved oxygen probe during a laboratory activity involving 1,000 mL samples of pond water. The function of the probe is to —",13,6,0.9374238,0.5132611989974976,0:0.0089|1:0.0089|2:0.0089|3:0.0089|4:0.0089|5:0.0089|6:0.9374|7:0.0089
28,science_biology_2015,science-biology-2015.js,free-response,"In a population of 120 oak trees, 25% of the population has oak wilt disease. What is the number of trees in this population that have oak wilt?",12,3,0.9326807,0.5448281764984131,0:0.0096|1:0.0096|2:0.0096|3:0.9327|4:0.0096|5:0.0096|6:0.0096|7:0.0096
29,science_biology_2015,science-biology-2015.js,multiple-choice,"An insect called the hemlock woolly adelgid was introduced to a Virginia forest ecosystem. This pest feeds on the nutrients stored inside a hemlock tree, resulting in the death of the tree. Which kind of data would best help a student evaluate the effect of this insect?",28,1,0.9698143,0.2800637483596802,0:0.0043|1:0.9698|2:0.0043|3:0.0043|4:0.0043|5:0.0043|6:0.0043|7:0.0043
30,science_biology_2015,science-biology-2015.js,multiple-choice,A student wanted to compare the transpiration rates of two different plant species at varying levels of humidity. The results are recorded in the table shown. Each plant group was given the same amount of water and light throughout the investigation. Which procedure should have been performed to prevent error in this investigation?,29,5,0.9708143,0.2722266912460327,0:0.0042|1:0.0042|2:0.0042|3:0.0042|4:0.0042|5:0.9708|6:0.0042|7:0.0042
31,science_biology_2015,science-biology-2015.js,multiple-choice,"In an ecosystem, a sudden decrease in the number of bacteria in the soil would most likely result in —",9,7,0.91245127,0.6740148067474365,0:0.0125|1:0.0125|2:0.0125|3:0.0125|4:0.0125|5:0.0125|6:0.0125|7:0.9125
32,science_biology_2015,science-biology-2015.js,multiple-choice,"Medicines are being produced using recombinant DNA technology. For veterinarians, the use of this DNA technology will result in —",11,6,0.9270585,0.5815788507461548,0:0.0104|1:0.0104|2:0.0104|3:0.0104|4:0.0104|5:0.0104|6:0.9271|7:0.0104
33,science_biology_2015,science-biology-2015.js,multiple-choice,The arrow in the diagram represents the movement of which molecular structure?,6,7,0.8749477,0.8947774767875671,0:0.0179|1:0.0179|2:0.0179|3:0.0179|4:0.0179|5:0.0179|6:0.0179|7:0.8749
34,science_biology_2015,science-biology-2015.js,multiple-choice,"According to the classification key, what is the genus and species of this organism?",6,1,0.8749276,0.8948906660079956,0:0.0179|1:0.8749|2:0.0179|3:0.0179|4:0.0179|5:0.0179|6:0.0179|7:0.0179
35,science_biology_2015,science-biology-2015.js,multiple-choice,The jackrabbit is a desert mammal. The jackrabbit's circulatory system increases blood flow to the ears during hot days. The blood flow to the ears decreases during cool or cold nights. This circulation pattern is most directly related to —,23,0,0.9635335,0.3282241225242615,0:0.9635|1:0.0052|2:0.0052|3:0.0052|4:0.0052|5:0.0052|6:0.0052|7:0.0052
36,science_biology_2015,science-biology-2015.js,multiple-choice,Proteins are among the most diverse group of macromolecules because of the —,5,7,0.854148,1.0088202953338623,0:0.0208|1:0.0208|2:0.0208|3:0.0208|4:0.0208|5:0.0208|6:0.0208|7:0.8541
37,science_biology_2015,science-biology-2015.js,multiple-choice,Which is an activity that increases the genetic variation within a population of earthworms?,7,3,0.8905745,0.8053768873214722,0:0.0156|1:0.0156|2:0.0156|3:0.8906|4:0.0156|5:0.0156|6:0.0156|7:0.0156
38,science_biology_2015,science-biology-2015.js,multiple-choice,The structural differences between a tadpole and an adult frog are due to the —,6,6,0.8749637,0.8946876525878906,0:0.0179|1:0.0179|2:0.0179|3:0.0179|4:0.0179|5:0.0179|6:0.8750|7:0.0179
39,science_biology_2015,science-biology-2015.js,multiple-choice,"After 24 hours, the amount of gas that accumulated at the top of the inverted test tube is measured. The students conclude that the light source is causing the water to evaporate, causing water vapor to fill the top of the tube. The best alternative explanation of the differences between the setups is that the —",27,4,0.9687209,0.288577675819397,0:0.0045|1:0.0045|2:0.0045|3:0.0045|4:0.9687|5:0.0045|6:0.0045|7:0.0045
40,science_biology_2015,science-biology-2015.js,drag-drop,This table was found in a journal of student research. What are the independent and dependent variables in this investigation?,9,0,0.91245824,0.6739713549613953,0:0.9125|1:0.0125|2:0.0125|3:0.0125|4:0.0125|5:0.0125|6:0.0125|7:0.0125
41,science_biology_2015,science-biology-2015.js,multiple-choice,Scientists classifying modern animals are most likely to compare the —,6,7,0.87495095,0.8947592973709106,0:0.0179|1:0.0179|2:0.0179|3:0.0179|4:0.0179|5:0.0179|6:0.0179|7:0.8750
42,science_biology_2015,science-biology-2015.js,multiple-choice,Which feature do viruses have in common with animal cells?,5,5,0.8540888,1.0091373920440674,0:0.0208|1:0.0208|2:0.0208|3:0.0208|4:0.0208|5:0.8541|6:0.0208|7:0.0209
43,science_biology_2015,science-biology-2015.js,multiple-choice,"According to this diagram, the result of spermatogenesis is four sperm cells, each with —",7,3,0.890514,0.805729329586029,0:0.0156|1:0.0156|2:0.0156|3:0.8905|4:0.0156|5:0.0156|6:0.0156|7:0.0157
44,science_biology_2015,science-biology-2015.js,multiple-choice,A group of ponies lives in the Chincoteague National Wildlife Reserve in Virginia. The development of longer legs over time would be selected for if —,14,5,0.94165176,0.4846572279930115,0:0.0083|1:0.0083|2:0.0083|3:0.0083|4:0.0083|5:0.9417|6:0.0083|7:0.0083
45,science_biology_2015,science-biology-2015.js,multiple-choice,One parent is heterozygous for a certain trait (Dd). The other parent is homozygous dominant (DD) for that trait. What is the percent chance that an offspring from this cross will be heterozygous?,14,6,0.94165653,0.4846246540546417,0:0.0083|1:0.0083|2:0.0083|3:0.0083|4:0.0083|5:0.0083|6:0.9417|7:0.0083
46,science_biology_2015,science-biology-2015.js,multiple-choice,Which trial in the table of data shown has questionable data?,6,1,0.8748496,0.8953278064727783,0:0.0179|1:0.8748|2:0.0179|3:0.0179|4:0.0179|5:0.0179|6:0.0179|7:0.0179
1,science_chemistry_2015,science-chemistry-2015.js,multiple-choice,A student measures the mass of a 1.00 g aluminum rod as 0.99 g. The best estimate of the percent error associated with this measurement is —,11,1,0.92705595,0.5815951228141785,0:0.0104|1:0.9271|2:0.0104|3:0.0104|4:0.0104|5:0.0104|6:0.0104|7:0.0104
2,science_chemistry_2015,science-chemistry-2015.js,multiple-choice,The most efficient way to determine whether a reaction is an exothermic chemical reaction is to use —,9,3,0.9124637,0.6739377975463867,0:0.0125|1:0.0125|2:0.0125|3:0.9125|4:0.0125|5:0.0125|6:0.0125|7:0.0125
3,science_chemistry_2015,science-chemistry-2015.js,multiple-choice,2Al(C₂H₃O₂)₃ + 3Ba(SO₄) → Al₂(SO₄)₃ + 3Ba(C₂H₃O₂)₂ Which type of chemical reaction does this equation represent?,9,7,0.9124386,0.6740935444831848,0:0.0125|1:0.0125|2:0.0125|3:0.0125|4:0.0125|5:0.0125|6:0.0125|7:0.9124
4,science_chemistry_2015,science-chemistry-2015.js,free-response,What is the oxidation number of an oxide ion?,4,7,0.824982,1.1603937149047852,0:0.0250|1:0.0250|2:0.0250|3:0.0250|4:0.0250|5:0.0250|6:0.0250|7:0.8250
5,science_chemistry_2015,science-chemistry-2015.js,multiple-choice,What is the molarity of a solution with 0.2 moles of potassium permanganate (KMnO₄) dissolved in enough water to make a 500.0 mL solution?,11,5,0.92705333,0.5816121101379395,0:0.0104|1:0.0104|2:0.0104|3:0.0104|4:0.0104|5:0.9271|6:0.0104|7:0.0104
6,science_chemistry_2015,science-chemistry-2015.js,multiple-choice,"When 92.0 g of ethanol (C₂H₅OH) are vaporized at its boiling point of 78.3°C, it requires 78.6 kJ of energy. What is the approximate molar heat of vaporization of ethanol in kJ/mol?",13,6,0.9374792,0.5128896832466125,0:0.0089|1:0.0089|2:0.0089|3:0.0089|4:0.0089|5:0.0089|6:0.9375|7:0.0089
7,science_chemistry_2015,science-chemistry-2015.js,free-response,What is the density (in g/mL) of an aqueous solution that has a mass of 10.081 g and 12.5 mL? Your answer must use significant digits.,9,1,0.91246027,0.6739593744277954,0:0.0125|1:0.9125|2:0.0125|3:0.0125|4:0.0125|5:0.0125|6:0.0125|7:0.0125
8,science_chemistry_2015,science-chemistry-2015.js,multiple-choice,"Which element has 16 neutrons, 15 protons, and 15 electrons?",4,7,0.8249483,1.1605637073516846,0:0.0250|1:0.0250|2:0.0250|3:0.0250|4:0.0250|5:0.0250|6:0.0250|7:0.8249
9,science_chemistry_2015,science-chemistry-2015.js,multiple-choice,Al( s ) + 3AgNO₃( aq ) → Al(NO₃)₃( aq ) + 3Ag( s ) This equation represents which type of chemical reaction?,7,2,0.8905199,0.805695116519928,0:0.0156|1:0.0156|2:0.8905|3:0.0157|4:0.0156|5:0.0156|6:0.0156|7:0.0157
10,science_chemistry_2015,science-chemistry-2015.js,multiple-choice,"In the formula for barium chloride, (BaCl₂), barium (Ba) is written first because it is —",7,3,0.89058375,0.8053231239318848,0:0.0156|1:0.0156|2:0.0156|3:0.8906|4:0.0156|5:0.0156|6:0.0156|7:0.0156
11,science_chemistry_2015,science-chemistry-2015.js,multiple-choice,Which of these laboratory techniques is best to separate a solid from a liquid to recover the liquid?,8,3,0.9027101,0.7334730625152588,0:0.0139|1:0.0139|2:0.0139|3:0.9027|4:0.0139|5:0.0139|6:0.0139|7:0.0139
12,science_chemistry_2015,science-chemistry-2015.js,multiple-choice,Which of these is NOT required to ensure that stock solutions are free of contamination?,6,6,0.8749678,0.8946644067764282,0:0.0179|1:0.0179|2:0.0179|3:0.0179|4:0.0179|5:0.0179|6:0.8750|7:0.0179
13,science_chemistry_2015,science-chemistry-2015.js,multiple-choice,Which of these values is most responsible for changing the boiling and freezing points of a solvent?,7,4,0.8905961,0.805250883102417,0:0.0156|1:0.0156|2:0.0156|3:0.0156|4:0.8906|5:0.0156|6:0.0156|7:0.0156
14,science_chemistry_2015,science-chemistry-2015.js,multiple-choice,What is the name of the compound with the formula NH₄NO₃?,4,3,0.8249103,1.1607553958892822,0:0.0250|1:0.0250|2:0.0250|3:0.8249|4:0.0250|5:0.0250|6:0.0250|7:0.0250
15,science_chemistry_2015,science-chemistry-2015.js,free-response,Calculate the number of moles of Li₃PO₄ in 2.2 L of a 0.60 M Li₃PO₄ solution.,6,5,0.8749393,0.894824743270874,0:0.0179|1:0.0179|2:0.0179|3:0.0179|4:0.0179|5:0.8749|6:0.0179|7:0.0179
16,science_chemistry_2015,science-chemistry-2015.js,multiple-choice,N₂ + 3F₂ ⇌ 2NF₃ Equilibrium has been reached for the reaction shown. Which conclusion is correct?,7,3,0.89056313,0.8054431080818176,0:0.0156|1:0.0156|2:0.0156|3:0.8906|4:0.0156|5:0.0156|6:0.0156|7:0.0156
17,science_chemistry_2015,science-chemistry-2015.js,multiple-choice,"If 89.6 joules of heat are needed to heat 20.0 grams of iron from 30.0°C to 40.0°C, what is the specific heat of the iron in J/(g·°C)?",9,3,0.91249067,0.6737712621688843,0:0.0125|1:0.0125|2:0.0125|3:0.9125|4:0.0125|5:0.0125|6:0.0125|7:0.0125
18,science_chemistry_2015,science-chemistry-2015.js,multiple-choice,Which of the four substances on this pH scale is slightly basic?,5,7,0.85411924,1.008974313735962,0:0.0208|1:0.0208|2:0.0208|3:0.0208|4:0.0208|5:0.0208|6:0.0208|7:0.8541
19,science_chemistry_2015,science-chemistry-2015.js,multiple-choice,Which element will most likely form covalent bonds with fluorine?,6,3,0.8749006,0.8950418829917908,0:0.0179|1:0.0179|2:0.0179|3:0.8749|4:0.0179|5:0.0179|6:0.0179|7:0.0179
20,science_chemistry_2015,science-chemistry-2015.js,multiple-choice,The physical process of evaporation involves —,4,7,0.82495457,1.1605322360992432,0:0.0250|1:0.0250|2:0.0250|3:0.0250|4:0.0250|5:0.0250|6:0.0250|7:0.8250
21,science_chemistry_2015,science-chemistry-2015.js,multiple-choice,___C₂H₄ + ___O₂ → ___CO₂ + ___H₂O How many moles of O₂ are in the chemical equation when balanced using the lowest whole numbers?,12,3,0.9326408,0.5450917482376099,0:0.0096|1:0.0096|2:0.0096|3:0.9326|4:0.0096|5:0.0096|6:0.0096|7:0.0096
22,science_chemistry_2015,science-chemistry-2015.js,multiple-choice,"While English physicist J. J. Thomson was carrying out experiments on cathode rays, he was able to determine that the rays consisted of particles he called ""corpuscles."" These particles were later named —",17,2,0.9513829,0.4169785976409912,0:0.0069|1:0.0069|2:0.9514|3:0.0069|4:0.0069|5:0.0069|6:0.0069|7:0.0069
23,science_chemistry_2015,science-chemistry-2015.js,multiple-choice,"In the Haber process, nitrogen (N₂) and hydrogen (H₂) are directly combined to form ammonia (NH₃). Which illustration contains the stoichiometric quantities of the reactants for this reaction?",15,3,0.9452892,0.45967328548431396,0:0.0078|1:0.0078|2:0.0078|3:0.9453|4:0.0078|5:0.0078|6:0.0078|7:0.0078
24,science_chemistry_2015,science-chemistry-2015.js,multiple-choice,"A beaker of water is placed in a large sealed jar that is attached to a vacuum pump. As air is pumped out of the jar, the water begins to boil because —",15,1,0.9452911,0.4596600830554962,0:0.0078|1:0.9453|2:0.0078|3:0.0078|4:0.0078|5:0.0078|6:0.0078|7:0.0078
25,science_chemistry_2015,science-chemistry-2015.js,multiple-select,"According to the periodic table of the elements, which elements belong to the same period?",7,5,0.8905611,0.8054550290107727,0:0.0156|1:0.0156|2:0.0156|3:0.0157|4:0.0156|5:0.8906|6:0.0156|7:0.0156
26,science_chemistry_2015,science-chemistry-2015.js,multiple-choice,How many moles are in 2.04 × 10²⁴ molecules of H₂O?,4,2,0.824942,1.1605960130691528,0:0.0250|1:0.0250|2:0.8249|3:0.0250|4:0.0250|5:0.0250|6:0.0250|7:0.0250
27,science_chemistry_2015,science-chemistry-2015.js,multiple-choice,What is the name for FeCl₃ using the IUPAC nomenclature rules?,6,7,0.8749588,0.8947149515151978,0:0.0179|1:0.0179|2:0.0179|3:0.0179|4:0.0179|5:0.0179|6:0.0179|7:0.8750
28,science_chemistry_2015,science-chemistry-2015.js,free-response,An expandable container of oxygen gas has a volume of 125 mL at a temperature of 25.0°C. What volume will the gas occupy at 55.0°C?,9,0,0.91247123,0.6738914847373962,0:0.9125|1:0.0125|2:0.0125|3:0.0125|4:0.0125|5:0.0125|6:0.0125|7:0.0125
29,science_chemistry_2015,science-chemistry-2015.js,multiple-choice,Which of these correctly describes how organic catalysts operate in biological reactions?,7,1,0.8905661,0.805425763130188,0:0.0156|1:0.8906|2:0.0156|3:0.0156|4:0.0156|5:0.0156|6:0.0157|7:0.0156
30,science_chemistry_2015,science-chemistry-2015.js,multiple-choice,What volume will 35.9 g of hydrogen gas (H₂) occupy at STP?,5,0,0.85411865,1.0089776515960693,0:0.8541|1:0.0208|2:0.0208|3:0.0208|4:0.0208|5:0.0209|6:0.0208|7:0.0208
31,science_chemistry_2015,science-chemistry-2015.js,multiple-choice,"___Ca(NO₃)₂ + H₃PO₄ → ___Ca₃(PO₄)₂ + ___HNO₃ When this equation is balanced, the coefficient in front of H₃PO₄ is —",9,3,0.9124926,0.6737593412399292,0:0.0125|1:0.0125|2:0.0125|3:0.9125|4:0.0125|5:0.0125|6:0.0125|7:0.0125
32,science_chemistry_2015,science-chemistry-2015.js,multiple-choice,Increasing the volume of a sealed container will cause the gas particles within the container to —,9,6,0.9124203,0.6742067933082581,0:0.0125|1:0.0125|2:0.0125|3:0.0125|4:0.0125|5:0.0125|6:0.9124|7:0.0125
33,science_chemistry_2015,science-chemistry-2015.js,multiple-choice,"Each of four groups of students determined and recorded the melting point of a solid compound. If the actual melting point is 113°C, which group had the best precision?",15,5,0.94528127,0.4597281813621521,0:0.0078|1:0.0078|2:0.0078|3:0.0078|4:0.0078|5:0.9453|6:0.0078|7:0.0078
34,science_chemistry_2015,science-chemistry-2015.js,multiple-choice,Consider any set of three adjacent elements in the same period on the periodic table. For which characteristic is the average for the three elements always equal to the value of the middle element?,17,3,0.9513665,0.41709575057029724,0:0.0070|1:0.0069|2:0.0069|3:0.9514|4:0.0069|5:0.0069|6:0.0069|7:0.0069
35,science_chemistry_2015,science-chemistry-2015.js,multiple-choice,A substance has a molecular formula of C₈H₁₀N₄O₂. The empirical formula is —,6,1,0.87494016,0.8948198556900024,0:0.0179|1:0.8749|2:0.0179|3:0.0179|4:0.0179|5:0.0179|6:0.0179|7:0.0179
36,science_chemistry_2015,science-chemistry-2015.js,drag-drop,Create the formula for diboron trioxide using the symbols provided.,7,7,0.8905795,0.8053474426269531,0:0.0156|1:0.0156|2:0.0156|3:0.0156|4:0.0156|5:0.0156|6:0.0156|7:0.8906
37,science_chemistry_2015,science-chemistry-2015.js,multiple-choice,What is the name for the compound AlI₃?,3,4,0.7811576,1.3724162578582764,0:0.0313|1:0.0313|2:0.0313|3:0.0313|4:0.7812|5:0.0313|6:0.0313|7:0.0313
38,science_chemistry_2015,science-chemistry-2015.js,multiple-choice,2C₄H₁₀ + 13O₂ → 8CO₂ + 10H₂O How many moles of carbon dioxide (CO₂) are produced when reacting 6.00 moles of butane (C₄H₁₀) in excess oxygen (O₂)?,15,2,0.94530064,0.459594190120697,0:0.0078|1:0.0078|2:0.9453|3:0.0078|4:0.0078|5:0.0078|6:0.0078|7:0.0078
39,science_chemistry_2015,science-chemistry-2015.js,multiple-choice,Which structure represents a nonpolar molecule?,4,2,0.8249477,1.1605665683746338,0:0.0250|1:0.0250|2:0.8249|3:0.0250|4:0.0250|5:0.0250|6:0.0250|7:0.0250
40,science_chemistry_2015,science-chemistry-2015.js,multiple-choice,Using only one trial to collect data in an experiment —,6,6,0.8748955,0.8950703144073486,0:0.0179|1:0.0179|2:0.0179|3:0.0179|4:0.0179|5:0.0179|6:0.8749|7:0.0179
41,science_chemistry_2015,science-chemistry-2015.js,multiple-choice,A common product of acid-base neutralization reactions is —,5,5,0.8541279,1.0089281797409058,0:0.0208|1:0.0208|2:0.0208|3:0.0208|4:0.0208|5:0.8541|6:0.0208|7:0.0208
42,science_chemistry_2015,science-chemistry-2015.js,multiple-choice,"Based on the information provided, which solution is a base and a weak electrolyte?",7,2,0.89053506,0.8056069612503052,0:0.0157|1:0.0156|2:0.8905|3:0.0156|4:0.0156|5:0.0157|6:0.0156|7:0.0156
43,science_chemistry_2015,science-chemistry-2015.js,multiple-choice,What is the half-life of Americium-242?,2,6,0.7083126,1.6897614002227783,0:0.0417|1:0.0417|2:0.0417|3:0.0417|4:0.0417|5:0.0417|6:0.7083|7:0.0417
44,science_chemistry_2015,science-chemistry-2015.js,multiple-choice,Two electrons are shared equally in bromine (Br₂). What type of bond is represented between the bromine atoms in this Lewis structure?,13,4,0.93748164,0.5128727555274963,0:0.0089|1:0.0089|2:0.0089|3:0.0089|4:0.9375|5:0.0089|6:0.0089|7:0.0089
45,science_chemistry_2015,science-chemistry-2015.js,multiple-choice,A student is studying the effects of several solutions on the prevention of the browning of apples. The student used solutions having different pH values and immersed three apple slices in equal volumes of each of the solutions. Which of these is the independent variable in this investigation?,23,3,0.9635214,0.32831478118896484,0:0.0052|1:0.0052|2:0.0052|3:0.9635|4:0.0052|5:0.0052|6:0.0052|7:0.0052
46,science_chemistry_2015,science-chemistry-2015.js,multiple-choice,"An experiment produced 0.10 g CO₂ with a volume of 0.056 L at STP. If the accepted density of CO₂ at STP is 1.96 g/L, what is the approximate percent error?",12,5,0.93265224,0.5450161695480347,0:0.0096|1:0.0096|2:0.0096|3:0.0096|4:0.0096|5:0.9327|6:0.0096|7:0.0096
1,science_earth_sci_2015,science-earth-sci-2015.js,multiple-choice,The fossil at point X has been dated to be 65 million years old. What can relative dating indicate about the fossil at point Y?,11,2,0.9270758,0.581466555595398,0:0.0104|1:0.0104|2:0.9271|3:0.0104|4:0.0104|5:0.0104|6:0.0104|7:0.0104
2,science_earth_sci_2015,science-earth-sci-2015.js,multiple-choice,The highest and lowest tides are known as the spring tides. When do these tides occur?,8,3,0.90274674,0.7332521677017212,0:0.0139|1:0.0139|2:0.0139|3:0.9027|4:0.0139|5:0.0139|6:0.0139|7:0.0139
3,science_earth_sci_2015,science-earth-sci-2015.js,multiple-choice,Which best describes the area shown in this aerial photograph?,6,0,0.8748632,0.8952516317367554,0:0.8749|1:0.0179|2:0.0179|3:0.0179|4:0.0179|5:0.0179|6:0.0179|7:0.0179
4,science_earth_sci_2015,science-earth-sci-2015.js,multiple-choice,The moon has a stronger influence on Earth's tides than the sun because the moon —,7,3,0.8906071,0.8051868677139282,0:0.0156|1:0.0156|2:0.0156|3:0.8906|4:0.0156|5:0.0156|6:0.0156|7:0.0156
5,science_earth_sci_2015,science-earth-sci-2015.js,multiple-choice,Remains of ancient life are most often preserved through which process?,6,7,0.8749818,0.8945859670639038,0:0.0179|1:0.0179|2:0.0179|3:0.0179|4:0.0179|5:0.0179|6:0.0179|7:0.8750
6,science_earth_sci_2015,science-earth-sci-2015.js,multiple-choice,Environmental effects of the impact of a meteorite 66.4 million years ago may have led to the extinction of many species on Earth. Which evidence best supports this theory?,17,2,0.9513716,0.417059063911438,0:0.0069|1:0.0069|2:0.9514|3:0.0069|4:0.0069|5:0.0069|6:0.0069|7:0.0069
7,science_earth_sci_2015,science-earth-sci-2015.js,drag-drop,"When a river flows into a lake, the velocity of the water decreases. Which sediments will most likely be in the numbered locations?",10,1,0.9204143,0.6241430044174194,0:0.0114|1:0.9204|2:0.0114|3:0.0114|4:0.0114|5:0.0114|6:0.0114|7:0.0114
8,science_earth_sci_2015,science-earth-sci-2015.js,drag-drop,Which type of rock is formed by each process?,4,4,0.57958823,1.7647398710250854,0:0.0250|1:0.0250|2:0.0250|3:0.0250|4:0.5796|5:0.0250|6:0.0250|7:0.2704
9,science_earth_sci_2015,science-earth-sci-2015.js,multiple-choice,"A student hypothesizes that water from infrequently used school faucets contains more chemical impurities than the water from frequently used faucets. At the same time of day, the student uses a water test kit to measure the water impurities from the different faucets. Which is the manipulated variable in this investigation?",29,5,0.9708161,0.27221226692199707,0:0.0042|1:0.0042|2:0.0042|3:0.0042|4:0.0042|5:0.9708|6:0.0042|7:0.0042
10,science_earth_sci_2015,science-earth-sci-2015.js,multiple-choice,Which coordinates identify a location north of a city that has a latitude of 38.0°N and a longitude of 25.0°W?,7,0,0.8905984,0.8052375912666321,0:0.8906|1:0.0156|2:0.0156|3:0.0156|4:0.0156|5:0.0156|6:0.0156|7:0.0156
11,science_earth_sci_2015,science-earth-sci-2015.js,multiple-choice,At which range of altitude is air pressure closest to 40 kPa based on these data?,8,5,0.9027498,0.7332335114479065,0:0.0139|1:0.0139|2:0.0139|3:0.0139|4:0.0139|5:0.9027|6:0.0139|7:0.0139
12,science_earth_sci_2015,science-earth-sci-2015.js,multiple-choice,Which was the first object made by humans to orbit Earth?,6,4,0.87496203,0.8946969509124756,0:0.0179|1:0.0179|2:0.0179|3:0.0179|4:0.8750|5:0.0179|6:0.0179|7:0.0179
13,science_earth_sci_2015,science-earth-sci-2015.js,multiple-choice,Under which condition would a lowering of the water table most likely occur?,7,0,0.89046645,0.8060071468353271,0:0.8905|1:0.0156|2:0.0156|3:0.0156|4:0.0156|5:0.0157|6:0.0156|7:0.0157
14,science_earth_sci_2015,science-earth-sci-2015.js,multiple-choice,This weather map helps to predict the location where a storm will occur by giving which type of information?,10,7,0.9204225,0.6240909099578857,0:0.0114|1:0.0114|2:0.0114|3:0.0114|4:0.0114|5:0.0114|6:0.0114|7:0.9204
15,science_earth_sci_2015,science-earth-sci-2015.js,multiple-choice,Spacecraft traveling to Jupiter from Earth would most likely have to navigate through or around which natural obstacle?,10,7,0.9204233,0.6240858435630798,0:0.0114|1:0.0114|2:0.0114|3:0.0114|4:0.0114|5:0.0114|6:0.0114|7:0.9204
16,science_earth_sci_2015,science-earth-sci-2015.js,multiple-choice,"A geologist studying volcanic activity is collecting rocks that formed from hot, molten magma. What type of rock is the geologist collecting?",14,4,0.9416552,0.48463332653045654,0:0.0083|1:0.0083|2:0.0083|3:0.0083|4:0.9417|5:0.0083|6:0.0083|7:0.0083
17,science_earth_sci_2015,science-earth-sci-2015.js,multiple-choice,Which substance is a mixture of organic matter and weathered rock?,6,4,0.8749534,0.8947455286979675,0:0.0179|1:0.0179|2:0.0179|3:0.0179|4:0.8750|5:0.0179|6:0.0179|7:0.0179
18,science_earth_sci_2015,science-earth-sci-2015.js,multiple-choice,Which natural process is the main cause of the ocean currents shown?,7,5,0.89051056,0.8057496547698975,0:0.0156|1:0.0156|2:0.0156|3:0.0156|4:0.0156|5:0.8905|6:0.0156|7:0.0157
19,science_earth_sci_2015,science-earth-sci-2015.js,multiple-choice,Determining how the sea floor changes over time has given scientists information about the —,8,0,0.9026886,0.7336025238037109,0:0.9027|1:0.0139|2:0.0139|3:0.0139|4:0.0139|5:0.0139|6:0.0139|7:0.0139
20,science_earth_sci_2015,science-earth-sci-2015.js,multiple-choice,Why do regions of the world near the equator (0° latitude) have a more consistent climate than regions at middle latitudes?,10,5,0.92042804,0.6240559816360474,0:0.0114|1:0.0114|2:0.0114|3:0.0114|4:0.0114|5:0.9204|6:0.0114|7:0.0114
21,science_earth_sci_2015,science-earth-sci-2015.js,multiple-choice,"In order to protect aquifers near landfills, material is placed under the soil to prevent pollution. Which property must the protective material possess?",15,0,0.9452989,0.4596065878868103,0:0.9453|1:0.0078|2:0.0078|3:0.0078|4:0.0078|5:0.0078|6:0.0078|7:0.0078
22,science_earth_sci_2015,science-earth-sci-2015.js,multiple-choice,Which is a characteristic of all nonfoliated metamorphic rocks?,4,6,0.8249533,1.1605385541915894,0:0.0250|1:0.0250|2:0.0250|3:0.0250|4:0.0250|5:0.0250|6:0.8250|7:0.0250
23,science_earth_sci_2015,science-earth-sci-2015.js,multiple-choice,Students made a hydrometer by sealing the end of a straw with wax and adding some sand until the hydrometer barely floated in fresh water. The diagram shows what the students observed when they used the hydrometer to test water from three different sites. Each water sample had the same temperature. Which of these explanations best fits these observations?,32,1,0.9734718,0.2511441707611084,0:0.0038|1:0.9735|2:0.0038|3:0.0038|4:0.0038|5:0.0038|6:0.0038|7:0.0038
24,science_earth_sci_2015,science-earth-sci-2015.js,multiple-choice,The cleavage properties of mica result from the —,4,4,0.8249595,1.1605072021484375,0:0.0250|1:0.0250|2:0.0250|3:0.0250|4:0.8250|5:0.0250|6:0.0250|7:0.0250
25,science_earth_sci_2015,science-earth-sci-2015.js,multiple-choice,A star begins its formation as gravitational forces cause instability within a —,8,1,0.90271884,0.7334195375442505,0:0.0139|1:0.9027|2:0.0139|3:0.0139|4:0.0139|5:0.0139|6:0.0139|7:0.0139
26,science_earth_sci_2015,science-earth-sci-2015.js,multiple-choice,The diagram represents areas below the surface of Earth in which fossils have been found. The fossil located in which labeled area is most likely the oldest?,13,3,0.93744826,0.5130970478057861,0:0.0089|1:0.0089|2:0.0089|3:0.9374|4:0.0089|5:0.0089|6:0.0089|7:0.0089
27,science_earth_sci_2015,science-earth-sci-2015.js,multiple-choice,Which structure is most similar to an alluvial fan in formation and composition?,6,5,0.87492275,0.8949177265167236,0:0.0179|1:0.0179|2:0.0179|3:0.0179|4:0.0179|5:0.8749|6:0.0179|7:0.0179
28,science_earth_sci_2015,science-earth-sci-2015.js,drag-drop,Label these ocean features.,3,3,0.7811423,1.3724876642227173,0:0.0313|1:0.0313|2:0.0313|3:0.7811|4:0.0313|5:0.0313|6:0.0313|7:0.0313
29,science_earth_sci_2015,science-earth-sci-2015.js,multiple-choice,Scientists study small pockets of air trapped deep within frozen glaciers. What are scientists trying to understand about the climate of Earth by analyzing these ice samples?,18,4,0.95392466,0.39883512258529663,0:0.0066|1:0.0066|2:0.0066|3:0.0066|4:0.9539|5:0.0066|6:0.0066|7:0.0066
30,science_earth_sci_2015,science-earth-sci-2015.js,multiple-choice,The picture shows a sinkhole. Which of these most likely caused this sinkhole to form?,7,4,0.8905501,0.8055192232131958,0:0.0156|1:0.0156|2:0.0156|3:0.0156|4:0.8906|5:0.0156|6:0.0156|7:0.0156
31,science_earth_sci_2015,science-earth-sci-2015.js,multiple-choice,Which Virginia watershed has the greatest impact in the state due to its size?,7,5,0.8905958,0.8052525520324707,0:0.0156|1:0.0156|2:0.0156|3:0.0156|4:0.0156|5:0.8906|6:0.0156|7:0.0156
32,science_earth_sci_2015,science-earth-sci-2015.js,multiple-choice,Which mineral is most likely an ingredient used in baby powder?,6,1,0.87491477,0.8949626684188843,0:0.0179|1:0.8749|2:0.0179|3:0.0179|4:0.0179|5:0.0179|6:0.0179|7:0.0179
33,science_earth_sci_2015,science-earth-sci-2015.js,multiple-choice,Pollution due to coal burning most frequently tends to affect lakes by —,8,7,0.9027567,0.7331924438476562,0:0.0139|1:0.0139|2:0.0139|3:0.0139|4:0.0139|5:0.0139|6:0.0139|7:0.9028
34,science_earth_sci_2015,science-earth-sci-2015.js,multiple-choice,Some ponds are designed to increase the amount of water seeping into the ground. These types of ponds will fail to work properly in —,12,0,0.93267566,0.5448610186576843,0:0.9327|1:0.0096|2:0.0096|3:0.0096|4:0.0096|5:0.0096|6:0.0096|7:0.0096
35,science_earth_sci_2015,science-earth-sci-2015.js,multiple-choice,Which action would most likely reduce concerns about how strip mining can harm the environment?,9,7,0.912476,0.6738616228103638,0:0.0125|1:0.0125|2:0.0125|3:0.0125|4:0.0125|5:0.0125|6:0.0125|7:0.9125
36,science_earth_sci_2015,science-earth-sci-2015.js,drag-drop,Identify the geologic time in which these organisms first appeared.,6,1,0.8748507,0.8953219652175903,0:0.0179|1:0.8749|2:0.0179|3:0.0179|4:0.0179|5:0.0179|6:0.0179|7:0.0179
37,science_earth_sci_2015,science-earth-sci-2015.js,multiple-choice,Crushed stone is an economic resource that is second only to coal in Virginia. How is crushed stone mainly used?,11,4,0.92705345,0.581611692905426,0:0.0104|1:0.0104|2:0.0104|3:0.0104|4:0.9271|5:0.0104|6:0.0104|7:0.0104
38,science_earth_sci_2015,science-earth-sci-2015.js,multiple-choice,A student hypothesizes that a sample of rock formed from ocean sediments. Which would best help the student support this hypothesis?,13,5,0.9374556,0.5130476951599121,0:0.0089|1:0.0089|2:0.0089|3:0.0089|4:0.0089|5:0.9375|6:0.0089|7:0.0089
39,science_earth_sci_2015,science-earth-sci-2015.js,multiple-choice,"About 2.0 billion years ago, complex organisms began to inhabit Earth. These complex organisms developed primarily because of —",12,3,0.93267095,0.5448926687240601,0:0.0096|1:0.0096|2:0.0096|3:0.9327|4:0.0096|5:0.0096|6:0.0096|7:0.0096
40,science_earth_sci_2015,science-earth-sci-2015.js,multiple-choice,Students on a geology field trip will identify minerals by their streak. Which of these should the students bring on the field trip?,11,0,0.9270699,0.5815048217773438,0:0.9271|1:0.0104|2:0.0104|3:0.0104|4:0.0104|5:0.0104|6:0.0104|7:0.0104
41,science_earth_sci_2015,science-earth-sci-2015.js,drag-drop,"Well logs are used by oil companies to correlate geologic formations. Based on the formations in Well A, which geologic formations are missing in Well B?",15,0,0.94530004,0.45959848165512085,0:0.9453|1:0.0078|2:0.0078|3:0.0078|4:0.0078|5:0.0078|6:0.0078|7:0.0078
42,science_earth_sci_2015,science-earth-sci-2015.js,multiple-choice,"A low pressure system has moved away from the equator and is moving directly over water. When the system reaches 60°N latitude, the system will most likely be at a point where —",15,5,0.94528526,0.45970064401626587,0:0.0078|1:0.0078|2:0.0078|3:0.0078|4:0.0078|5:0.9453|6:0.0078|7:0.0078
43,science_earth_sci_2015,science-earth-sci-2015.js,drag-drop,"Starting with the event that scientists theorize happened first and ending with the event that scientists theorize happened last, arrange the events in chronological order.",16,7,0.9485165,0.43719860911369324,0:0.0074|1:0.0074|2:0.0074|3:0.0074|4:0.0074|5:0.0074|6:0.0074|7:0.9485
44,science_earth_sci_2015,science-earth-sci-2015.js,multiple-choice,Which characteristic do all the planets in our solar system have in common?,5,4,0.8541181,1.008980393409729,0:0.0208|1:0.0208|2:0.0208|3:0.0208|4:0.8541|5:0.0209|6:0.0208|7:0.0208
45,science_earth_sci_2015,science-earth-sci-2015.js,multiple-choice,"A scientist is studying energy transfer that occurs in the oceans, atmosphere, and Earth's interior. Which of these is the scientist most likely studying?",12,4,0.9326675,0.5449154376983643,0:0.0096|1:0.0096|2:0.0096|3:0.0096|4:0.9327|5:0.0096|6:0.0096|7:0.0096
1,science_grade5_2015,science-grade5-2015.js,multiple-choice,A fungus is found growing on dead leaves on the forest floor. The fungus is an example of a--,9,5,0.9124715,0.6738896369934082,0:0.0125|1:0.0125|2:0.0125|3:0.0125|4:0.0125|5:0.9125|6:0.0125|7:0.0125
2,science_grade5_2015,science-grade5-2015.js,multiple-choice,"Based on the table, how much rainfall should a scientist have predicted for May of 2011 in Norfolk?",8,5,0.90271395,0.7334496974945068,0:0.0139|1:0.0139|2:0.0139|3:0.0139|4:0.0139|5:0.9027|6:0.0139|7:0.0139
3,science_grade5_2015,science-grade5-2015.js,multiple-choice,Which of these best explains why the sun is not visible during the night?,5,5,0.8541065,1.009042501449585,0:0.0208|1:0.0208|2:0.0208|3:0.0208|4:0.0208|5:0.8541|6:0.0209|7:0.0208
4,science_grade5_2015,science-grade5-2015.js,multiple-choice,A model of a plate boundary is shown. What most likely happens as the plates slide past each other?,9,4,0.91246516,0.6739289164543152,0:0.0125|1:0.0125|2:0.0125|3:0.0125|4:0.9125|5:0.0125|6:0.0125|7:0.0125
5,science_grade5_2015,science-grade5-2015.js,free-response,What is the mass of the rock shown?,3,4,0.7810786,1.3727831840515137,0:0.0313|1:0.0313|2:0.0313|3:0.0313|4:0.7811|5:0.0313|6:0.0313|7:0.0313
6,science_grade5_2015,science-grade5-2015.js,multiple-choice,"During pollination, pollen is transferred from a stamen to a--",4,4,0.82497376,1.160435438156128,0:0.0250|1:0.0250|2:0.0250|3:0.0250|4:0.8250|5:0.0250|6:0.0250|7:0.0250
7,science_grade5_2015,science-grade5-2015.js,multiple-choice,Which of these is an impact made by humans?,3,5,0.7811088,1.372642993927002,0:0.0313|1:0.0313|2:0.0313|3:0.0313|4:0.0313|5:0.7811|6:0.0313|7:0.0313
8,science_grade5_2015,science-grade5-2015.js,multiple-choice,Lobster pots are used by fishermen to catch lobsters in shallow water. In which area of the ocean would commercial fishermen most likely place their lobster pots?,17,7,0.95136034,0.41713908314704895,0:0.0069|1:0.0070|2:0.0069|3:0.0069|4:0.0069|5:0.0070|6:0.0069|7:0.9514
9,science_grade5_2015,science-grade5-2015.js,multiple-choice,Which unit is best to use to measure the distance a runner covered in 30 seconds?,8,6,0.90275866,0.7331804633140564,0:0.0139|1:0.0139|2:0.0139|3:0.0139|4:0.0139|5:0.0139|6:0.9028|7:0.0139
10,science_grade5_2015,science-grade5-2015.js,multiple-choice,In which direction will the ball most likely go after it hits the wall?,5,2,0.8540636,1.0092723369598389,0:0.0208|1:0.0208|2:0.8541|3:0.0208|4:0.0209|5:0.0209|6:0.0208|7:0.0209
11,science_grade5_2015,science-grade5-2015.js,multiple-choice,What is the difference between 5/12 and 1/4,1,6,0.56248575,2.2169623374938965,0:0.0625|1:0.0625|2:0.0625|3:0.0625|4:0.0625|5:0.0625|6:0.5625|7:0.0625
12,science_grade5_2015,science-grade5-2015.js,multiple-choice,Which cell part is necessary for producing food?,5,4,0.85408014,1.0091832876205444,0:0.0208|1:0.0208|2:0.0208|3:0.0208|4:0.8541|5:0.0208|6:0.0208|7:0.0209
13,science_grade5_2015,science-grade5-2015.js,multiple-choice,One way in which light waves are different from sound waves is that light waves--,9,3,0.9124786,0.6738460063934326,0:0.0125|1:0.0125|2:0.0125|3:0.9125|4:0.0125|5:0.0125|6:0.0125|7:0.0125
14,science_grade5_2015,science-grade5-2015.js,multiple-choice,Which material will correctly complete the chart?,4,0,0.8249246,1.1606833934783936,0:0.8249|1:0.0250|2:0.0250|3:0.0250|4:0.0250|5:0.0250|6:0.0250|7:0.0250
15,science_grade5_2015,science-grade5-2015.js,multiple-choice,A student rubbed a plastic comb with a piece of wool cloth and then placed the comb near a stream of water. The water bent toward the comb as shown because of-,17,1,0.9513733,0.4170474708080292,0:0.0069|1:0.9514|2:0.0069|3:0.0069|4:0.0069|5:0.0069|6:0.0069|7:0.0069
16,science_grade5_2015,science-grade5-2015.js,multiple-choice,Which plant part develops into a fruit?,4,4,0.824832,1.1611497402191162,0:0.0250|1:0.0250|2:0.0251|3:0.0250|4:0.8248|5:0.0250|6:0.0250|7:0.0250
17,science_grade5_2015,science-grade5-2015.js,multiple-choice,A student is investigating the time it takes for different objects to reach the ground after they are dropped. The constant in this investigation is the -,11,1,0.9270363,0.5817226767539978,0:0.0104|1:0.9270|2:0.0104|3:0.0104|4:0.0104|5:0.0104|6:0.0104|7:0.0104
18,science_grade5_2015,science-grade5-2015.js,multiple-select,Identify the quantitative data shown.,4,5,0.82485265,1.161046028137207,0:0.0250|1:0.0251|2:0.0250|3:0.0250|4:0.0250|5:0.8249|6:0.0250|7:0.0250
19,science_grade5_2015,science-grade5-2015.js,multiple-choice,Which of these represents a correct flow of energy based on the food web shown?,8,0,0.90267754,0.733668327331543,0:0.9027|1:0.0139|2:0.0139|3:0.0139|4:0.0139|5:0.0139|6:0.0139|7:0.0139
20,science_grade5_2015,science-grade5-2015.js,multiple-choice,"When stirred together, which two substances form a solution?",6,6,0.87488437,0.8951327800750732,0:0.0179|1:0.0179|2:0.0179|3:0.0179|4:0.0179|5:0.0179|6:0.8749|7:0.0179
21,science_grade5_2015,science-grade5-2015.js,multiple-choice,The plants are most likely responding to which factor in the environment?,5,0,0.85400236,1.009600043296814,0:0.8540|1:0.0208|2:0.0208|3:0.0209|4:0.0209|5:0.0209|6:0.0208|7:0.0209
22,science_grade5_2015,science-grade5-2015.js,multiple-choice,"The greater the frequency of a sound wave, the--",4,3,0.8249263,1.1606745719909668,0:0.0250|1:0.0250|2:0.0251|3:0.8249|4:0.0250|5:0.0250|6:0.0250|7:0.0250
23,science_grade5_2015,science-grade5-2015.js,multiple-choice,"A student made the model showing the particles in a solid. To improve the model, the student should--",9,0,0.912425,0.6741780638694763,0:0.9124|1:0.0125|2:0.0125|3:0.0125|4:0.0125|5:0.0125|6:0.0125|7:0.0125
24,science_grade5_2015,science-grade5-2015.js,multiple-choice,Which substance produced during photosynthesis is represented by the X in the illustration?,5,0,0.85409635,1.0090970993041992,0:0.8541|1:0.0208|2:0.0208|3:0.0208|4:0.0208|5:0.0208|6:0.0208|7:0.0208
25,science_grade5_2015,science-grade5-2015.js,multiple-choice,Which of these animals is classified as a vertebrate?,3,3,0.7812089,1.372178554534912,0:0.0313|1:0.0313|2:0.0313|3:0.7812|4:0.0313|5:0.0313|6:0.0313|7:0.0313
26,science_grade5_2015,science-grade5-2015.js,multiple-choice,"An electromagnet can be made using a battery, insulated wire, and--",6,4,0.8749129,0.894972562789917,0:0.0179|1:0.0179|2:0.0179|3:0.0179|4:0.8749|5:0.0179|6:0.0179|7:0.0179
27,science_grade5_2015,science-grade5-2015.js,multiple-choice,High and low tides on the coast are caused mostly by -,6,7,0.8749543,0.8947402834892273,0:0.0179|1:0.0179|2:0.0179|3:0.0179|4:0.0179|5:0.0179|6:0.0179|7:0.8750
28,science_grade5_2015,science-grade5-2015.js,multiple-choice,The plant shown grows in swamps and produces an odor similar to a skunk. Why should people preserve a plant like the skunk cabbage?,14,2,0.9416435,0.48471349477767944,0:0.0083|1:0.0083|2:0.9416|3:0.0083|4:0.0083|5:0.0083|6:0.0083|7:0.0083
29,science_grade5_2015,science-grade5-2015.js,multiple-choice,Which pair of organisms needs to switch places for the ocean food chain to be correct?,9,6,0.91243094,0.6741410493850708,0:0.0125|1:0.0125|2:0.0125|3:0.0125|4:0.0125|5:0.0125|6:0.9124|7:0.0125
30,science_grade5_2015,science-grade5-2015.js,multiple-choice,Students investigated how different colors of construction paper in a solar oven affect the heating of water. Which graph correctly represents the data for the brown construction paper?,18,5,0.9539142,0.3989100158214569,0:0.0066|1:0.0066|2:0.0066|3:0.0066|4:0.0066|5:0.9539|6:0.0066|7:0.0066
31,science_grade5_2015,science-grade5-2015.js,multiple-choice,A student made a track for a toy sled using 4 different materials. At which section of the track is friction most likely to cause the greatest resistance to the motion of the toy sled?,18,5,0.95392746,0.3988156318664551,0:0.0066|1:0.0066|2:0.0066|3:0.0066|4:0.0066|5:0.9539|6:0.0066|7:0.0066
32,science_grade5_2015,science-grade5-2015.js,multiple-choice,Which pair of colors is in order from the longest wavelength of light in the visible spectrum to the shortest wavelength?,10,6,0.92042947,0.6240466833114624,0:0.0114|1:0.0114|2:0.0114|3:0.0114|4:0.0114|5:0.0114|6:0.9204|7:0.0114
33,science_grade5_2015,science-grade5-2015.js,multiple-choice,"Based on the mineral identification table, which mineral belongs in square X of the flow chart?",9,0,0.9124836,0.6738144755363464,0:0.9125|1:0.0125|2:0.0125|3:0.0125|4:0.0125|5:0.0125|6:0.0125|7:0.0125
34,science_grade5_2015,science-grade5-2015.js,multiple-choice,The conveyor belt moves the groceries by transforming electrical energy into--,7,5,0.8905668,0.8054215908050537,0:0.0156|1:0.0156|2:0.0156|3:0.0156|4:0.0156|5:0.8906|6:0.0156|7:0.0156
35,science_grade5_2015,science-grade5-2015.js,multiple-choice,Students made a classroom barometer that can be used to measure--,6,6,0.8748834,0.8951383233070374,0:0.0179|1:0.0179|2:0.0179|3:0.0179|4:0.0179|5:0.0179|6:0.8749|7:0.0179
36,science_grade5_2015,science-grade5-2015.js,multiple-choice,Which of these is an example of a behavioral adaptation?,3,4,0.7811792,1.3723162412643433,0:0.0313|1:0.0313|2:0.0313|3:0.0313|4:0.7812|5:0.0313|6:0.0313|7:0.0313
37,science_grade5_2015,science-grade5-2015.js,multiple-choice,Coal is important for Virginia because it--,3,7,0.7811148,1.3726149797439575,0:0.0313|1:0.0313|2:0.0313|3:0.0313|4:0.0313|5:0.0313|6:0.0313|7:0.7811
1,science_grade8_2015,science-grade8-2015.js,multiple-choice,"Sea anemones are poisonous. However, the clownfish has developed an outer layer of mucus which provides protection from the stinging cells of the sea anemone. The mucus is best described as--",18,6,0.9539386,0.3987349569797516,0:0.0066|1:0.0066|2:0.0066|3:0.0066|4:0.0066|5:0.0066|6:0.9539|7:0.0066
2,science_grade8_2015,science-grade8-2015.js,multiple-choice,Hurricanes form in tropical waters between 8 and 20 degrees north and south of the equator. Hurricanes rarely form at higher latitudes because the water is too--,14,7,0.9416361,0.4847639799118042,0:0.0083|1:0.0083|2:0.0083|3:0.0083|4:0.0083|5:0.0083|6:0.0083|7:0.9416
3,science_grade8_2015,science-grade8-2015.js,multiple-choice,"On a small island, scientists observed and graphed changes in wolf and moose populations. From 1965 to 1970, which data pattern did scientists observe?",13,1,0.93747866,0.5128931999206543,0:0.0089|1:0.9375|2:0.0089|3:0.0089|4:0.0089|5:0.0089|6:0.0089|7:0.0089
4,science_grade8_2015,science-grade8-2015.js,multiple-choice,A metal spoon was placed in a dish of ice cream and became cool. Which correctly describes the heat transfer process that resulted in the cooling of the spoon?,16,6,0.9485078,0.43725913763046265,0:0.0074|1:0.0074|2:0.0074|3:0.0074|4:0.0074|5:0.0074|6:0.9485|7:0.0074
5,science_grade8_2015,science-grade8-2015.js,multiple-choice,"Students performed several trials using the laboratory setup shown. students were also given this hypothesis: If friction increases, then the rolling distance of a marble will decrease. What should be changed to best test this hypothesis?",22,6,0.96193707,0.34019553661346436,0:0.0054|1:0.0054|2:0.0054|3:0.0054|4:0.0054|5:0.0054|6:0.9619|7:0.0054
6,science_grade8_2015,science-grade8-2015.js,multiple-choice,A student recorded the temperature of an aquarium each hour for 8 hours. Which of these will best display the data the student collected?,11,1,0.9270499,0.5816346406936646,0:0.0104|1:0.9270|2:0.0104|3:0.0104|4:0.0104|5:0.0104|6:0.0104|7:0.0104
7,science_grade8_2015,science-grade8-2015.js,multiple-choice,A cold air mass moves underneath a warm air mass causing the warm air to rise. This event can best be identified as -,15,5,0.9452903,0.459665447473526,0:0.0078|1:0.0078|2:0.0078|3:0.0078|4:0.0078|5:0.9453|6:0.0078|7:0.0078
8,science_grade8_2015,science-grade8-2015.js,multiple-choice,Which body of water is often protected naturally from storms by barrier islands and also contains a mixture of fresh water and salt water?,15,2,0.94528806,0.4596809446811676,0:0.0078|1:0.0078|2:0.9453|3:0.0078|4:0.0078|5:0.0078|6:0.0078|7:0.0078
9,science_grade8_2015,science-grade8-2015.js,multiple-select,Which three drawings best represent objects with kinetic energy?,7,3,0.8905219,0.8056836128234863,0:0.0156|1:0.0156|2:0.0156|3:0.8905|4:0.0156|5:0.0156|6:0.0157|7:0.0156
10,science_grade8_2015,science-grade8-2015.js,multiple-choice,Which of these best completes the Conversion Table?,4,2,0.8247791,1.161417007446289,0:0.0251|1:0.0250|2:0.8248|3:0.0250|4:0.0250|5:0.0250|6:0.0250|7:0.0250
11,science_grade8_2015,science-grade8-2015.js,multiple-choice,"A student measured the power of a motor operating at different temperatures. The student recorded a total of 11 measurements, one at each 2 degree interval between 10°C and 30°C. Which change in the procedure would most improve the validity of conclusions based on this investigation?",22,5,0.9619398,0.34017544984817505,0:0.0054|1:0.0054|2:0.0054|3:0.0054|4:0.0054|5:0.9619|6:0.0054|7:0.0054
12,science_grade8_2015,science-grade8-2015.js,multiple-choice,Which of these has the strongest gravitational field?,3,5,0.7811612,1.3724000453948975,0:0.0313|1:0.0313|2:0.0313|3:0.0313|4:0.0313|5:0.7812|6:0.0313|7:0.0313
13,science_grade8_2015,science-grade8-2015.js,multiple-choice,Students placed steel wool in beakers of four different liquids in order of the most acidic to neutral. The students recorded their observations in the table. Which is the best conclusion based on the table?,19,0,0.9562265,0.3822215795516968,0:0.9562|1:0.0063|2:0.0063|3:0.0063|4:0.0063|5:0.0063|6:0.0063|7:0.0063
14,science_grade8_2015,science-grade8-2015.js,multiple-choice,Which is the result of using a more powerful motor to run an elevator?,6,6,0.8749703,0.8946505784988403,0:0.0179|1:0.0179|2:0.0179|3:0.0179|4:0.0179|5:0.0179|6:0.8750|7:0.0179
15,science_grade8_2015,science-grade8-2015.js,multiple-choice,A major scientific concern over nuclear energy is how to--,5,6,0.85412085,1.0089657306671143,0:0.0208|1:0.0208|2:0.0208|3:0.0208|4:0.0208|5:0.0208|6:0.8541|7:0.0208
16,science_grade8_2015,science-grade8-2015.js,drag-drop,What are the ordered steps for cloud formation?,4,2,0.82498413,1.1603832244873047,0:0.0250|1:0.0250|2:0.8250|3:0.0250|4:0.0250|5:0.0250|6:0.0250|7:0.0250
17,science_grade8_2015,science-grade8-2015.js,multiple-choice,"Why is water known as the ""universal solvent""?",4,4,0.82485396,1.1610393524169922,0:0.0250|1:0.0250|2:0.0250|3:0.0250|4:0.8249|5:0.0250|6:0.0250|7:0.0250
18,science_grade8_2015,science-grade8-2015.js,multiple-choice,Which of these has been improved by genetic engineering?,3,6,0.7812111,1.3721680641174316,0:0.0313|1:0.0313|2:0.0313|3:0.0313|4:0.0313|5:0.0313|6:0.7812|7:0.0313
19,science_grade8_2015,science-grade8-2015.js,multiple-choice,Which action will most reduce the use of nonrenewable energy resources in a school district?,8,1,0.90272456,0.7333852648735046,0:0.0139|1:0.9027|2:0.0139|3:0.0139|4:0.0139|5:0.0139|6:0.0139|7:0.0139
20,science_grade8_2015,science-grade8-2015.js,multiple-choice,Sound waves are unable to travel through--,4,3,0.42517805,1.8476579189300537,0:0.0250|1:0.0250|2:0.0250|3:0.4252|4:0.0250|5:0.4248|6:0.0250|7:0.0250
21,science_grade8_2015,science-grade8-2015.js,multiple-choice,"The speed of light is about 300,000,000 m/s. Which is the correct expression for the speed of light in scientific notation?",8,3,0.90275,0.7332327961921692,0:0.0139|1:0.0139|2:0.0139|3:0.9028|4:0.0139|5:0.0139|6:0.0139|7:0.0139
22,science_grade8_2015,science-grade8-2015.js,multiple-choice,"Which of these properties of an unknown liquid can be found using a beaker, a hot plate, and a temperature probe?",10,5,0.9203874,0.6243136525154114,0:0.0114|1:0.0114|2:0.0114|3:0.0114|4:0.0114|5:0.9204|6:0.0114|7:0.0114
23,science_grade8_2015,science-grade8-2015.js,drag-drop,Place the terms in the order of the simplest level of organization to the most complex.,7,6,0.8905853,0.8053139448165894,0:0.0156|1:0.0156|2:0.0156|3:0.0156|4:0.0156|5:0.0156|6:0.8906|7:0.0156
24,science_grade8_2015,science-grade8-2015.js,multiple-choice,"A group of campers travels to a cabin which has no electrical power. In order to provide the power for a heater and lights, which device would be appropriate?",14,7,0.94165754,0.4846177101135254,0:0.0083|1:0.0083|2:0.0083|3:0.0083|4:0.0083|5:0.0083|6:0.0083|7:0.9417
25,science_grade8_2015,science-grade8-2015.js,multiple-choice,Which of the.se i.s most likely the result of weasels and foxes depending on the same food source?,7,4,0.89059436,0.8052608966827393,0:0.0156|1:0.0156|2:0.0156|3:0.0156|4:0.8906|5:0.0156|6:0.0156|7:0.0156
26,science_grade8_2015,science-grade8-2015.js,multiple-choice,"A farmer wants to plant a crop that grows well in a marshland environment. In order to produce a good harvest, the most important characteristic this plant should have is the ability to--",16,6,0.9485066,0.4372674822807312,0:0.0074|1:0.0074|2:0.0074|3:0.0074|4:0.0074|5:0.0074|6:0.9485|7:0.0074
27,science_grade8_2015,science-grade8-2015.js,multiple-choice,"The volume of water in the pot decreases during this investigation. Water droplets form on the mirror when positioned over the pot. In this setup, water--",13,3,0.937432,0.5132057666778564,0:0.0089|1:0.0089|2:0.0089|3:0.9374|4:0.0089|5:0.0089|6:0.0089|7:0.0089
28,science_grade8_2015,science-grade8-2015.js,multiple-choice,Which is an abiotic change in an ecosystem?,3,3,0.7810705,1.3728207349777222,0:0.0313|1:0.0313|2:0.0313|3:0.7811|4:0.0313|5:0.0313|6:0.0313|7:0.0313
29,science_grade8_2015,science-grade8-2015.js,free-response,Ca + 2H₂O → Ca(OH)₂ + H₂ How many different elements are involved in the chemical reaction shown?,9,3,0.6991946,1.320119857788086,0:0.0125|1:0.0125|2:0.0125|3:0.6992|4:0.0125|5:0.0125|6:0.2257|7:0.0125
30,science_grade8_2015,science-grade8-2015.js,multiple-choice,Physical and chemical weathering processes are responsible for breaking down rocks. Which of these is an example of chemical weathering by water?,11,1,0.9270499,0.5816351175308228,0:0.0104|1:0.9270|2:0.0104|3:0.0104|4:0.0104|5:0.0104|6:0.0104|7:0.0104
31,science_grade8_2015,science-grade8-2015.js,multiple-choice,The shaded row in the t.able is called a--,4,4,0.8247931,1.161346673965454,0:0.0251|1:0.0250|2:0.0250|3:0.0250|4:0.8248|5:0.0250|6:0.0250|7:0.0250
32,science_grade8_2015,science-grade8-2015.js,multiple-choice,White-footed mice having thicker fur than cactus mice is probably influenced most by the differences in the--,9,0,0.91248816,0.6737868785858154,0:0.9125|1:0.0125|2:0.0125|3:0.0125|4:0.0125|5:0.0125|6:0.0125|7:0.0125
33,science_grade8_2015,science-grade8-2015.js,multiple-choice,"During human fertilization, an egg and a sperm cell unite. Which structures in these cells carry the genes that will be transferred to the offspring?",12,7,0.93268,0.5448328256607056,0:0.0096|1:0.0096|2:0.0096|3:0.0096|4:0.0096|5:0.0096|6:0.0096|7:0.9327
34,science_grade8_2015,science-grade8-2015.js,multiple-choice,Which facility relies on a nonrenewable source of energy?,5,7,0.85407376,1.0092178583145142,0:0.0208|1:0.0208|2:0.0208|3:0.0208|4:0.0209|5:0.0208|6:0.0209|7:0.8541
35,science_grade8_2015,science-grade8-2015.js,multiple-choice,"As the frequency of a wave decreases, the wave's--",4,2,0.8249404,1.160603642463684,0:0.0250|1:0.0250|2:0.8249|3:0.0250|4:0.0250|5:0.0250|6:0.0250|7:0.0250
36,science_grade8_2015,science-grade8-2015.js,multiple-choice,This picture shows a zebra with two tick birds on its back. The tick birds alert the zebras that predators are near as well as remove and eat ticks found on zebras. What is the primary type of interaction between the tick birds and the zebras?,25,1,0.9663352,0.30695921182632446,0:0.0048|1:0.9663|2:0.0048|3:0.0048|4:0.0048|5:0.0048|6:0.0048|7:0.0048
37,science_grade8_2015,science-grade8-2015.js,multiple-choice,Which change will most likely increase the strength of a magnetic field produced by an electromagnet?,8,5,0.90271205,0.7334612011909485,0:0.0139|1:0.0139|2:0.0139|3:0.0139|4:0.0139|5:0.9027|6:0.0139|7:0.0139
38,science_grade8_2015,science-grade8-2015.js,multiple-choice,The physical expression of a trait in an organism is known as the--,5,1,0.85409105,1.0091253519058228,0:0.0208|1:0.8541|2:0.0208|3:0.0209|4:0.0209|5:0.0208|6:0.0209|7:0.0208
39,science_grade8_2015,science-grade8-2015.js,multiple-choice,Which statement correctly describes a difference between the mesosphere and the stratosphere?,6,6,0.8749797,0.8945978879928589,0:0.0179|1:0.0179|2:0.0179|3:0.0179|4:0.0179|5:0.0179|6:0.8750|7:0.0179
40,science_grade8_2015,science-grade8-2015.js,multiple-select,Which organisms are producers in this food web?,4,4,0.82494414,1.1605849266052246,0:0.0250|1:0.0250|2:0.0250|3:0.0250|4:0.8249|5:0.0250|6:0.0250|7:0.0250
41,science_grade8_2015,science-grade8-2015.js,multiple-choice,Which of these represents the freezing point of water in correct SI units?,6,2,0.87490636,0.89500892162323,0:0.0179|1:0.0179|2:0.8749|3:0.0179|4:0.0179|5:0.0179|6:0.0179|7:0.0179
42,science_grade8_2015,science-grade8-2015.js,multiple-choice,A girl kicks a soccer ball into the air. Which of these best explains why the soccer ball falls back to Earth?,12,5,0.9326567,0.5449867248535156,0:0.0096|1:0.0096|2:0.0096|3:0.0096|4:0.0096|5:0.9327|6:0.0096|7:0.0096
43,science_grade8_2015,science-grade8-2015.js,multiple-choice,Students measured the amount of an unknown substance that dissolved in water at different temperatures. What was the independent variable in this investigation?,12,0,0.93265265,0.5450133085250854,0:0.9327|1:0.0096|2:0.0096|3:0.0096|4:0.0096|5:0.0096|6:0.0096|7:0.0096
44,science_grade8_2015,science-grade8-2015.js,multiple-choice,Which characteristic is common to the four outer planets in our solar system?,7,4,0.89057875,0.805351972579956,0:0.0156|1:0.0156|2:0.0156|3:0.0156|4:0.8906|5:0.0156|6:0.0156|7:0.0156
45,science_grade8_2015,science-grade8-2015.js,multiple-choice,"When comparing a plant cell to an animal cell, only the plant cell will contain--",8,7,0.9027448,0.7332634925842285,0:0.0139|1:0.0139|2:0.0139|3:0.0139|4:0.0139|5:0.0139|6:0.0139|7:0.9027
46,science_grade8_2015,science-grade8-2015.js,multiple-choice,"A student measures her heart rate after each of the activities listed. Based on this information, which is a constant in the student's investigation?",11,5,0.9270471,0.5816529393196106,0:0.0104|1:0.0104|2:0.0104|3:0.0104|4:0.0104|5:0.9270|6:0.0104|7:0.0104
47,science_grade8_2015,science-grade8-2015.js,multiple-choice,Which of these is the best description of a typical organism in the Plant kingdom?,6,2,0.8749125,0.894974946975708,0:0.0179|1:0.0179|2:0.8749|3:0.0179|4:0.0179|5:0.0179|6:0.0179|7:0.0179
48,science_grade8_2015,science-grade8-2015.js,multiple-choice,Which of these is a way that a person can help improve air quality?,6,3,0.874955,0.8947368860244751,0:0.0179|1:0.0179|2:0.0179|3:0.8750|4:0.0179|5:0.0179|6:0.0179|7:0.0179
