qid,test_id,source_file,type,question_text,dominant_topic,dominant_topic_probability,topic_entropy_bits,topic_distribution
1,science_biology_2015,science-biology-2015.js,multiple-choice,Red flower color is dominant to white flower color in rose plants. What is the expected result of a cross between two heterozygous rose plants?,2,0.5516530351213507,2.250388960728184,0:0.0624|1:0.0624|2:0.5517|3:0.0623|4:0.0677|5:0.0624|6:0.0689|7:0.0623
2,science_biology_2015,science-biology-2015.js,drag-drop,Place the phases of mitosis in the correct sequence.,4,0.3862824811629138,2.644392564606152,0:0.1484|1:0.0759|2:0.0711|3:0.0698|4:0.3863|5:0.1093|6:0.0701|7:0.0690
3,science_biology_2015,science-biology-2015.js,multiple-choice,"To classify an organism a scientist finds in the field, which of these will the scientist first compare to other known organisms?",1,0.5340121630468905,2.286920781306189,0:0.0566|1:0.5340|2:0.0909|3:0.0566|4:0.0568|5:0.0564|6:0.0924|7:0.0562
4,science_biology_2015,science-biology-2015.js,multiple-choice,"For the growth curve to continue increasing, which of these must occur?",0,0.125,3.0,0:0.1250|1:0.1250|2:0.1250|3:0.1250|4:0.1250|5:0.1250|6:0.1250|7:0.1250
5,science_biology_2015,science-biology-2015.js,multiple-choice,What did Rosalind Franklin contribute to the understanding of DNA molecules?,0,0.125,3.0,0:0.1250|1:0.1250|2:0.1250|3:0.1250|4:0.1250|5:0.1250|6:0.1250|7:0.1250
6,science_biology_2015,science-biology-2015.js,drag-drop,Some functions of several structures of a fish are listed in the chart. Complete the chart by placing the structures of a cell next to the function they perform.,4,0.29891067008436595,2.6973959640624003,0:0.0743|1:0.0742|2:0.0750|3:0.0750|4:0.2989|5:0.0744|6:0.2543|7:0.0739
7,science_biology_2015,science-biology-2015.js,multiple-choice,Darwin's explanation for evolution was dependent on which scientific concept?,0,0.125,3.0,0:0.1250|1:0.1250|2:0.1250|3:0.1250|4:0.1250|5:0.1250|6:0.1250|7:0.1250
8,science_biology_2015,science-biology-2015.js,multiple-choice,Which best helps scientists determine the age of fossils?,1,0.7629023763078289,1.4557784869225143,0:0.0337|1:0.7629|2:0.0340|3:0.0347|4:0.0337|5:0.0337|6:0.0337|7:0.0336
9,science_biology_2015,science-biology-2015.js,multiple-choice,"A student is investigating the effect of plants on indoor air quality and states, ""If plants are added to an indoor environment, the air quality will improve."" This statement is an example of —",2,0.6647026463679951,1.8615432941368535,0:0.0478|1:0.0483|2:0.6647|3:0.0478|4:0.0479|5:0.0478|6:0.0479|7:0.0478
10,science_biology_2015,science-biology-2015.js,multiple-choice,"Although controversial at first, the germ theory of disease proposed that microorganisms were the cause of many diseases. Which of these was a result of the general acceptance that microorganisms cause disease?",2,0.5894980096912573,2.1289712352556087,0:0.0578|1:0.0581|2:0.5895|3:0.0577|4:0.0624|5:0.0577|6:0.0592|7:0.0577
11,science_biology_2015,science-biology-2015.js,multiple-choice,A biologist gathered data to show the interaction of the golden-cheeked warbler and juniper tree populations. Which conclusion did the biologist most likely make from the data shown?,2,0.4878515677129432,2.141312072195679,0:0.0403|1:0.0405|2:0.4879|3:0.0404|4:0.2682|5:0.0403|6:0.0421|7:0.0403
12,science_biology_2015,science-biology-2015.js,multiple-choice,Studying the differences between fossils and modern organisms helps scientists better understand the —,1,0.7270536671740959,1.611917323322864,0:0.0390|1:0.7271|2:0.0390|3:0.0391|4:0.0390|5:0.0389|6:0.0389|7:0.0389
13,science_biology_2015,science-biology-2015.js,multiple-choice,"This chart shows observations made of an unknown organism. Based on this information, the organism most likely belongs to the kingdom —",2,0.6160823318011944,2.020113286427656,0:0.0485|1:0.0486|2:0.6161|3:0.0487|4:0.0485|5:0.0489|6:0.0923|7:0.0484
14,science_biology_2015,science-biology-2015.js,multiple-choice,What can be concluded from this graph?,0,0.125,3.0,0:0.1250|1:0.1250|2:0.1250|3:0.1250|4:0.1250|5:0.1250|6:0.1250|7:0.1250
15,science_biology_2015,science-biology-2015.js,multiple-choice,Which statement is an inference based on this information?,2,0.3398244198910023,2.537522786287121,0:0.0605|1:0.0611|2:0.3398|3:0.2885|4:0.0609|5:0.0674|6:0.0615|7:0.0603
16,science_biology_2015,science-biology-2015.js,multiple-choice,The weakness of hydrogen bonds between the bases of DNA allows —,0,0.125,3.0,0:0.1250|1:0.1250|2:0.1250|3:0.1250|4:0.1250|5:0.1250|6:0.1250|7:0.1250
17,science_biology_2015,science-biology-2015.js,multiple-choice,Which of these would most likely result in a change to the current classification of an organism?,2,0.6616672058538268,1.8633086034549455,0:0.0441|1:0.0442|2:0.6617|3:0.0441|4:0.0442|5:0.0441|6:0.0734|7:0.0441
18,science_biology_2015,science-biology-2015.js,multiple-select,Select the autotrophs.,0,0.125,3.0,0:0.1250|1:0.1250|2:0.1250|3:0.1250|4:0.1250|5:0.1250|6:0.1250|7:0.1250
19,science_biology_2015,science-biology-2015.js,multiple-choice,Five species of frogs that live in separate habitats within 5 non-overlapping ranges along the Mississippi River share a common ancestor. Which process is most likely responsible for the formation of these five distinct species?,4,0.32283092388848855,2.371638841640765,0:0.0352|1:0.0353|2:0.2810|3:0.0352|4:0.3228|5:0.0352|6:0.2201|7:0.0352
20,science_biology_2015,science-biology-2015.js,multiple-choice,Chloroplast process X + H₂O → Y + O₂ The diagram shown represents the input and output of a process performed by the chloroplast of a cell. Which substance is most likely represented by Y?,4,0.6363071638473156,1.8334684288831555,0:0.0322|1:0.0323|2:0.1584|3:0.0322|4:0.6363|5:0.0322|6:0.0442|7:0.0322
21,science_biology_2015,science-biology-2015.js,multiple-choice,Which statement best describes her hypothesis?,1,0.5327936962452156,2.216760809081957,0:0.0500|1:0.5328|2:0.0510|3:0.0517|4:0.1644|5:0.0501|6:0.0502|7:0.0498
22,science_biology_2015,science-biology-2015.js,multiple-choice,Seaweeds occupy an important niche in the Chesapeake Bay ecosystem. Which question will best help a student identify the role of seaweeds in this ecosystem?,2,0.7181898298112052,1.64904618667994,0:0.0402|1:0.0404|2:0.7182|3:0.0402|4:0.0403|5:0.0402|6:0.0403|7:0.0402
23,science_biology_2015,science-biology-2015.js,multiple-choice,"In 1950, Erwin Chargaff discovered that the percentage of adenine in DNA equals the percentage of thymine, and that the percentage of cytosine equals the percentage of guanine. This proved invaluable to the eventual discovery of which aspect of DNA?",0,0.125,3.0,0:0.1250|1:0.1250|2:0.1250|3:0.1250|4:0.1250|5:0.1250|6:0.1250|7:0.1250
24,science_biology_2015,science-biology-2015.js,multiple-choice,"The study of embryos and other early stages of development can help in the classification of living things, past and present, by providing clues about the —",2,0.4172978171792735,2.616024538438353,0:0.0832|1:0.0835|2:0.4173|3:0.0832|4:0.0833|5:0.0831|6:0.0833|7:0.0831
25,science_biology_2015,science-biology-2015.js,drag-drop,Complete the sentences about water molecules by dragging the correct terms to each box.,0,0.5280231677391597,2.2094036982523924,0:0.5280|1:0.0476|2:0.0477|3:0.0470|4:0.1770|5:0.0583|6:0.0477|7:0.0467
26,science_biology_2015,science-biology-2015.js,multiple-choice,Which characteristic do most adult fungi and plants share?,6,0.6719021979461777,1.8339373836467905,0:0.0462|1:0.0462|2:0.0467|3:0.0492|4:0.0475|5:0.0462|6:0.6719|7:0.0460
27,science_biology_2015,science-biology-2015.js,multiple-choice,"Students use a dissolved oxygen probe during a laboratory activity involving 1,000 mL samples of pond water. The function of the probe is to —",0,0.44184853846870403,2.314563239665014,0:0.4418|1:0.0459|2:0.2582|3:0.0457|4:0.0458|5:0.0711|6:0.0459|7:0.0456
28,science_biology_2015,science-biology-2015.js,free-response,"In a population of 120 oak trees, 25% of the population has oak wilt disease. What is the number of trees in this population that have oak wilt?",0,0.125,3.0,0:0.1250|1:0.1250|2:0.1250|3:0.1250|4:0.1250|5:0.1250|6:0.1250|7:0.1250
29,science_biology_2015,science-biology-2015.js,multiple-choice,"An insect called the hemlock woolly adelgid was introduced to a Virginia forest ecosystem. This pest feeds on the nutrients stored inside a hemlock tree, resulting in the death of the tree. Which kind of data would best help a student evaluate the effect of this insect?",2,0.730980808635145,1.5952838999287189,0:0.0384|1:0.0385|2:0.7310|3:0.0384|4:0.0384|5:0.0383|6:0.0387|7:0.0383
30,science_biology_2015,science-biology-2015.js,multiple-choice,A student wanted to compare the transpiration rates of two different plant species at varying levels of humidity. The results are recorded in the table shown. Each plant group was given the same amount of water and light throughout the investigation. Which procedure should have been performed to prevent error in this investigation?,2,0.6382452718007653,1.8106331440471595,0:0.0329|1:0.0325|2:0.6382|3:0.0326|4:0.0332|5:0.0325|6:0.1658|7:0.0324
31,science_biology_2015,science-biology-2015.js,multiple-choice,"In an ecosystem, a sudden decrease in the number of bacteria in the soil would most likely result in —",2,0.6994295878753259,1.7257439278500653,0:0.0427|1:0.0427|2:0.6994|3:0.0427|4:0.0427|5:0.0427|6:0.0446|7:0.0426
32,science_biology_2015,science-biology-2015.js,multiple-choice,"Medicines are being produced using recombinant DNA technology. For veterinarians, the use of this DNA technology will result in —",2,0.6784363270535239,1.803750400562867,0:0.0430|1:0.0430|2:0.6784|3:0.0430|4:0.0430|5:0.0634|6:0.0432|7:0.0430
33,science_biology_2015,science-biology-2015.js,multiple-choice,The arrow in the diagram represents the movement of which molecular structure?,4,0.5020388293626182,2.392803224821794,0:0.0806|1:0.0643|2:0.0787|3:0.0636|4:0.5020|5:0.0833|6:0.0641|7:0.0632
34,science_biology_2015,science-biology-2015.js,multiple-choice,"According to the classification key, what is the genus and species of this organism?",2,0.30255321651265843,2.734711615304092,0:0.0781|1:0.0798|2:0.3026|3:0.0780|4:0.0783|5:0.0780|6:0.2274|7:0.0779
35,science_biology_2015,science-biology-2015.js,multiple-choice,The jackrabbit is a desert mammal. The jackrabbit's circulatory system increases blood flow to the ears during hot days. The blood flow to the ears decreases during cool or cold nights. This circulation pattern is most directly related to —,0,0.125,3.0,0:0.1250|1:0.1250|2:0.1250|3:0.1250|4:0.1250|5:0.1250|6:0.1250|7:0.1250
36,science_biology_2015,science-biology-2015.js,multiple-choice,Proteins are among the most diverse group of macromolecules because of the —,2,0.23352585026875622,2.9101245948675585,0:0.0984|1:0.0989|2:0.2335|3:0.0983|4:0.0989|5:0.1029|6:0.1711|7:0.0979
37,science_biology_2015,science-biology-2015.js,multiple-choice,Which is an activity that increases the genetic variation within a population of earthworms?,1,0.30049376025379076,2.7919553813765754,0:0.0794|1:0.3005|2:0.0827|3:0.0798|4:0.1769|5:0.0791|6:0.1227|7:0.0789
38,science_biology_2015,science-biology-2015.js,multiple-choice,The structural differences between a tadpole and an adult frog are due to the —,0,0.125,3.0,0:0.1250|1:0.1250|2:0.1250|3:0.1250|4:0.1250|5:0.1250|6:0.1250|7:0.1250
39,science_biology_2015,science-biology-2015.js,multiple-choice,"After 24 hours, the amount of gas that accumulated at the top of the inverted test tube is measured. The students conclude that the light source is causing the water to evaporate, causing water vapor to fill the top of the tube. The best alternative explanation of the differences between the setups is that the —",0,0.5134882619899818,2.1109795624435024,0:0.5135|1:0.2445|2:0.0438|3:0.0392|4:0.0389|5:0.0385|6:0.0432|7:0.0384
40,science_biology_2015,science-biology-2015.js,drag-drop,This table was found in a journal of student research. What are the independent and dependent variables in this investigation?,2,0.7362692294763015,1.5725094271598556,0:0.0371|1:0.0371|2:0.7363|3:0.0374|4:0.0371|5:0.0371|6:0.0407|7:0.0371
41,science_biology_2015,science-biology-2015.js,multiple-choice,Scientists classifying modern animals are most likely to compare the —,1,0.4337104506081083,2.0295810600607256,0:0.0329|1:0.4337|2:0.3678|3:0.0329|4:0.0329|5:0.0329|6:0.0339|7:0.0329
42,science_biology_2015,science-biology-2015.js,multiple-choice,Which feature do viruses have in common with animal cells?,6,0.6050710606427474,2.0765383607561114,0:0.0559|1:0.0558|2:0.0564|3:0.0582|4:0.0574|5:0.0558|6:0.6051|7:0.0556
43,science_biology_2015,science-biology-2015.js,multiple-choice,"According to this diagram, the result of spermatogenesis is four sperm cells, each with —",2,0.4650722931209945,2.4296086988985497,0:0.0614|1:0.0613|2:0.4651|3:0.0613|4:0.0634|5:0.0613|6:0.1649|7:0.0612
44,science_biology_2015,science-biology-2015.js,multiple-choice,A group of ponies lives in the Chincoteague National Wildlife Reserve in Virginia. The development of longer legs over time would be selected for if —,2,0.5366778841816104,2.2955995376439255,0:0.0645|1:0.0647|2:0.5367|3:0.0645|4:0.0646|5:0.0644|6:0.0762|7:0.0644
45,science_biology_2015,science-biology-2015.js,multiple-choice,One parent is heterozygous for a certain trait (Dd). The other parent is homozygous dominant (DD) for that trait. What is the percent chance that an offspring from this cross will be heterozygous?,0,0.125,3.0,0:0.1250|1:0.1250|2:0.1250|3:0.1250|4:0.1250|5:0.1250|6:0.1250|7:0.1250
46,science_biology_2015,science-biology-2015.js,multiple-choice,Which trial in the table of data shown has questionable data?,4,0.2968951000278913,2.460262752225181,0:0.0405|1:0.0410|2:0.2547|3:0.2447|4:0.2969|5:0.0405|6:0.0413|7:0.0404
1,science_chemistry_2015,science-chemistry-2015.js,multiple-choice,A student measures the mass of a 1.00 g aluminum rod as 0.99 g. The best estimate of the percent error associated with this measurement is —,2,0.7741980010057404,1.4045271755782052,0:0.0322|1:0.0324|2:0.7742|3:0.0322|4:0.0323|5:0.0322|6:0.0323|7:0.0322
2,science_chemistry_2015,science-chemistry-2015.js,multiple-choice,The most efficient way to determine whether a reaction is an exothermic chemical reaction is to use —,4,0.6242845930287672,1.9990711832256758,0:0.0485|1:0.0472|2:0.0752|3:0.0462|4:0.6243|5:0.0658|6:0.0468|7:0.0460
3,science_chemistry_2015,science-chemistry-2015.js,multiple-choice,2Al(C₂H₃O₂)₃ + 3Ba(SO₄) → Al₂(SO₄)₃ + 3Ba(C₂H₃O₂)₂ Which type of chemical reaction does this equation represent?,4,0.7245962756810259,1.6222637565904794,0:0.0393|1:0.0393|2:0.0393|3:0.0392|4:0.7246|5:0.0392|6:0.0398|7:0.0392
4,science_chemistry_2015,science-chemistry-2015.js,free-response,What is the oxidation number of an oxide ion?,0,0.125,3.0,0:0.1250|1:0.1250|2:0.1250|3:0.1250|4:0.1250|5:0.1250|6:0.1250|7:0.1250
5,science_chemistry_2015,science-chemistry-2015.js,multiple-choice,What is the molarity of a solution with 0.2 moles of potassium permanganate (KMnO₄) dissolved in enough water to make a 500.0 mL solution?,0,0.3850516054703895,2.566638084219926,0:0.3851|1:0.0662|2:0.2167|3:0.0668|4:0.0663|5:0.0663|6:0.0666|7:0.0660
6,science_chemistry_2015,science-chemistry-2015.js,multiple-choice,"When 92.0 g of ethanol (C₂H₅OH) are vaporized at its boiling point of 78.3°C, it requires 78.6 kJ of energy. What is the approximate molar heat of vaporization of ethanol in kJ/mol?",5,0.5950944599149527,2.1050260196241224,0:0.0777|1:0.0537|2:0.0548|3:0.0533|4:0.0550|5:0.5951|6:0.0573|7:0.0530
7,science_chemistry_2015,science-chemistry-2015.js,free-response,What is the density (in g/mL) of an aqueous solution that has a mass of 10.081 g and 12.5 mL? Your answer must use significant digits.,2,0.36990302584718016,2.683862679048251,0:0.0806|1:0.0785|2:0.3699|3:0.0785|4:0.0787|5:0.1570|6:0.0787|7:0.0781
8,science_chemistry_2015,science-chemistry-2015.js,multiple-choice,"Which element has 16 neutrons, 15 protons, and 15 electrons?",0,0.125,3.0,0:0.1250|1:0.1250|2:0.1250|3:0.1250|4:0.1250|5:0.1250|6:0.1250|7:0.1250
9,science_chemistry_2015,science-chemistry-2015.js,multiple-choice,Al( s ) + 3AgNO₃( aq ) → Al(NO₃)₃( aq ) + 3Ag( s ) This equation represents which type of chemical reaction?,4,0.7342285654664412,1.581269806552472,0:0.0394|1:0.0373|2:0.0373|3:0.0371|4:0.7342|5:0.0401|6:0.0376|7:0.0370
10,science_chemistry_2015,science-chemistry-2015.js,multiple-choice,"In the formula for barium chloride, (BaCl₂), barium (Ba) is written first because it is —",1,0.474188033277405,2.4728413970024556,0:0.0733|1:0.4742|2:0.0864|3:0.0735|4:0.0737|5:0.0730|6:0.0730|7:0.0729
11,science_chemistry_2015,science-chemistry-2015.js,multiple-choice,Which of these laboratory techniques is best to separate a solid from a liquid to recover the liquid?,1,0.6766407581175706,1.815710780585539,0:0.0457|1:0.6766|2:0.0467|3:0.0480|4:0.0458|5:0.0458|6:0.0457|7:0.0456
12,science_chemistry_2015,science-chemistry-2015.js,multiple-choice,Which of these is NOT required to ensure that stock solutions are free of contamination?,0,0.125,3.0,0:0.1250|1:0.1250|2:0.1250|3:0.1250|4:0.1250|5:0.1250|6:0.1250|7:0.1250
13,science_chemistry_2015,science-chemistry-2015.js,multiple-choice,Which of these values is most responsible for changing the boiling and freezing points of a solvent?,0,0.125,3.0,0:0.1250|1:0.1250|2:0.1250|3:0.1250|4:0.1250|5:0.1250|6:0.1250|7:0.1250
14,science_chemistry_2015,science-chemistry-2015.js,multiple-choice,What is the name of the compound with the formula NH₄NO₃?,0,0.125,3.0,0:0.1250|1:0.1250|2:0.1250|3:0.1250|4:0.1250|5:0.1250|6:0.1250|7:0.1250
15,science_chemistry_2015,science-chemistry-2015.js,free-response,Calculate the number of moles of Li₃PO₄ in 2.2 L of a 0.60 M Li₃PO₄ solution.,2,0.3714244488944426,2.716268625170647,0:0.0909|1:0.0884|2:0.3714|3:0.0888|4:0.0902|5:0.0928|6:0.0892|7:0.0883
16,science_chemistry_2015,science-chemistry-2015.js,multiple-choice,N₂ + 3F₂ ⇌ 2NF₃ Equilibrium has been reached for the reaction shown. Which conclusion is correct?,4,0.6805634184054691,1.7971370016286619,0:0.0568|1:0.0418|2:0.0446|3:0.0419|4:0.6806|5:0.0514|6:0.0418|7:0.0411
17,science_chemistry_2015,science-chemistry-2015.js,multiple-choice,"If 89.6 joules of heat are needed to heat 20.0 grams of iron from 30.0°C to 40.0°C, what is the specific heat of the iron in J/(g·°C)?",0,0.125,3.0,0:0.1250|1:0.1250|2:0.1250|3:0.1250|4:0.1250|5:0.1250|6:0.1250|7:0.1250
18,science_chemistry_2015,science-chemistry-2015.js,multiple-choice,Which of the four substances on this pH scale is slightly basic?,6,0.3369443827207984,2.755143091922528,0:0.0836|1:0.0847|2:0.1551|3:0.0865|4:0.0847|5:0.0857|6:0.3369|7:0.0827
19,science_chemistry_2015,science-chemistry-2015.js,multiple-choice,Which element will most likely form covalent bonds with fluorine?,2,0.6456520288432163,1.9325805560737106,0:0.0502|1:0.0501|2:0.6457|3:0.0500|4:0.0510|5:0.0501|6:0.0528|7:0.0500
20,science_chemistry_2015,science-chemistry-2015.js,multiple-choice,The physical process of evaporation involves —,4,0.7129510479184689,1.670722615087728,0:0.0410|1:0.0410|2:0.0409|3:0.0409|4:0.7130|5:0.0409|6:0.0414|7:0.0409
21,science_chemistry_2015,science-chemistry-2015.js,multiple-choice,___C₂H₄ + ___O₂ → ___CO₂ + ___H₂O How many moles of O₂ are in the chemical equation when balanced using the lowest whole numbers?,2,0.5476021541059458,2.117795476712164,0:0.0439|1:0.0439|2:0.5476|3:0.0438|4:0.1890|5:0.0439|6:0.0440|7:0.0438
22,science_chemistry_2015,science-chemistry-2015.js,multiple-choice,"While English physicist J. J. Thomson was carrying out experiments on cathode rays, he was able to determine that the rays consisted of particles he called ""corpuscles."" These particles were later named —",0,0.125,3.0,0:0.1250|1:0.1250|2:0.1250|3:0.1250|4:0.1250|5:0.1250|6:0.1250|7:0.1250
23,science_chemistry_2015,science-chemistry-2015.js,multiple-choice,"In the Haber process, nitrogen (N₂) and hydrogen (H₂) are directly combined to form ammonia (NH₃). Which illustration contains the stoichiometric quantities of the reactants for this reaction?",4,0.6925021373643924,1.738084403887407,0:0.0393|1:0.0387|2:0.0746|3:0.0385|4:0.6925|5:0.0387|6:0.0392|7:0.0385
24,science_chemistry_2015,science-chemistry-2015.js,multiple-choice,"A beaker of water is placed in a large sealed jar that is attached to a vacuum pump. As air is pumped out of the jar, the water begins to boil because —",0,0.5692239518691959,2.092094729480619,0:0.5692|1:0.1622|2:0.0451|3:0.0449|4:0.0449|5:0.0445|6:0.0447|7:0.0445
25,science_chemistry_2015,science-chemistry-2015.js,multiple-select,"According to the periodic table of the elements, which elements belong to the same period?",3,0.6695537941165088,1.843051481878884,0:0.0471|1:0.0473|2:0.0477|3:0.6696|4:0.0473|5:0.0468|6:0.0474|7:0.0468
26,science_chemistry_2015,science-chemistry-2015.js,multiple-choice,How many moles are in 2.04 × 10²⁴ molecules of H₂O?,2,0.4023453587775512,2.631869572416905,0:0.0778|1:0.0778|2:0.4023|3:0.0776|4:0.1312|5:0.0777|6:0.0780|7:0.0776
27,science_chemistry_2015,science-chemistry-2015.js,multiple-choice,What is the name for FeCl₃ using the IUPAC nomenclature rules?,2,0.7246506203523196,1.6220397704339218,0:0.0393|1:0.0393|2:0.7247|3:0.0393|4:0.0394|5:0.0393|6:0.0393|7:0.0393
28,science_chemistry_2015,science-chemistry-2015.js,free-response,An expandable container of oxygen gas has a volume of 125 mL at a temperature of 25.0°C. What volume will the gas occupy at 55.0°C?,0,0.17173759883957837,2.9724689386397785,0:0.1717|1:0.1363|2:0.1574|3:0.1062|4:0.1092|5:0.1066|6:0.1068|7:0.1058
29,science_chemistry_2015,science-chemistry-2015.js,multiple-choice,Which of these correctly describes how organic catalysts operate in biological reactions?,4,0.43897024130472845,2.509647280662829,0:0.0667|1:0.1600|2:0.0677|3:0.0667|4:0.4390|5:0.0664|6:0.0672|7:0.0662
30,science_chemistry_2015,science-chemistry-2015.js,multiple-choice,What volume will 35.9 g of hydrogen gas (H₂) occupy at STP?,0,0.17173759883957837,2.9724689386397785,0:0.1717|1:0.1363|2:0.1574|3:0.1062|4:0.1092|5:0.1066|6:0.1068|7:0.1058
31,science_chemistry_2015,science-chemistry-2015.js,multiple-choice,"___Ca(NO₃)₂ + H₃PO₄ → ___Ca₃(PO₄)₂ + ___HNO₃ When this equation is balanced, the coefficient in front of H₃PO₄ is —",0,0.125,3.0,0:0.1250|1:0.1250|2:0.1250|3:0.1250|4:0.1250|5:0.1250|6:0.1250|7:0.1250
32,science_chemistry_2015,science-chemistry-2015.js,multiple-choice,Increasing the volume of a sealed container will cause the gas particles within the container to —,1,0.2323189773317314,2.817147888744644,0:0.0777|1:0.2323|2:0.1651|3:0.0723|4:0.2189|5:0.0724|6:0.0892|7:0.0721
33,science_chemistry_2015,science-chemistry-2015.js,multiple-choice,"Each of four groups of students determined and recorded the melting point of a solid compound. If the actual melting point is 113°C, which group had the best precision?",2,0.4925589362753756,2.3732858353843946,0:0.0552|1:0.0546|2:0.4926|3:0.0543|4:0.0546|5:0.1169|6:0.1177|7:0.0542
34,science_chemistry_2015,science-chemistry-2015.js,multiple-choice,Consider any set of three adjacent elements in the same period on the periodic table. For which characteristic is the average for the three elements always equal to the value of the middle element?,6,0.41634766015494196,2.1266215930892485,0:0.0376|1:0.0376|2:0.0382|3:0.3574|4:0.0383|5:0.0374|6:0.4163|7:0.0372
35,science_chemistry_2015,science-chemistry-2015.js,multiple-choice,A substance has a molecular formula of C₈H₁₀N₄O₂. The empirical formula is —,4,0.37629376669970915,2.704232602845841,0:0.0994|1:0.0857|2:0.0983|3:0.0852|4:0.3763|5:0.0851|6:0.0854|7:0.0847
36,science_chemistry_2015,science-chemistry-2015.js,drag-drop,Create the formula for diboron trioxide using the symbols provided.,2,0.7246506203523196,1.6220397704339218,0:0.0393|1:0.0393|2:0.7247|3:0.0393|4:0.0394|5:0.0393|6:0.0393|7:0.0393
37,science_chemistry_2015,science-chemistry-2015.js,multiple-choice,What is the name for the compound AlI₃?,0,0.125,3.0,0:0.1250|1:0.1250|2:0.1250|3:0.1250|4:0.1250|5:0.1250|6:0.1250|7:0.1250
38,science_chemistry_2015,science-chemistry-2015.js,multiple-choice,2C₄H₁₀ + 13O₂ → 8CO₂ + 10H₂O How many moles of carbon dioxide (CO₂) are produced when reacting 6.00 moles of butane (C₄H₁₀) in excess oxygen (O₂)?,2,0.4469785028317369,2.5442013860828734,0:0.0783|1:0.0782|2:0.4470|3:0.0780|4:0.0833|5:0.0781|6:0.0791|7:0.0780
39,science_chemistry_2015,science-chemistry-2015.js,multiple-choice,Which structure represents a nonpolar molecule?,4,0.5152566667936516,2.351364508619133,0:0.0786|1:0.0627|2:0.0632|3:0.0624|4:0.5153|5:0.0934|6:0.0625|7:0.0618
40,science_chemistry_2015,science-chemistry-2015.js,multiple-choice,Using only one trial to collect data in an experiment —,2,0.7215037633636672,1.6352170120096807,0:0.0396|1:0.0396|2:0.7215|3:0.0396|4:0.0401|5:0.0396|6:0.0405|7:0.0395
41,science_chemistry_2015,science-chemistry-2015.js,multiple-choice,A common product of acid-base neutralization reactions is —,6,0.6050710606427474,2.0765383607561114,0:0.0559|1:0.0558|2:0.0564|3:0.0582|4:0.0574|5:0.0558|6:0.6051|7:0.0556
42,science_chemistry_2015,science-chemistry-2015.js,multiple-choice,"Based on the information provided, which solution is a base and a weak electrolyte?",2,0.33527934424978073,2.5931420631429507,0:0.0646|1:0.0648|2:0.3353|3:0.2673|4:0.0647|5:0.0738|6:0.0654|7:0.0641
43,science_chemistry_2015,science-chemistry-2015.js,multiple-choice,What is the half-life of Americium-242?,0,0.125,3.0,0:0.1250|1:0.1250|2:0.1250|3:0.1250|4:0.1250|5:0.1250|6:0.1250|7:0.1250
44,science_chemistry_2015,science-chemistry-2015.js,multiple-choice,Two electrons are shared equally in bromine (Br₂). What type of bond is represented between the bromine atoms in this Lewis structure?,4,0.609243457564457,2.061664558931458,0:0.0550|1:0.0548|2:0.0623|3:0.0545|4:0.6092|5:0.0546|6:0.0552|7:0.0545
45,science_chemistry_2015,science-chemistry-2015.js,multiple-choice,A student is studying the effects of several solutions on the prevention of the browning of apples. The student used solutions having different pH values and immersed three apple slices in equal volumes of each of the solutions. Which of these is the independent variable in this investigation?,2,0.7551442277815259,1.4904194177450791,0:0.0350|1:0.0350|2:0.7551|3:0.0350|4:0.0350|5:0.0350|6:0.0350|7:0.0350
46,science_chemistry_2015,science-chemistry-2015.js,multiple-choice,"An experiment produced 0.10 g CO₂ with a volume of 0.056 L at STP. If the accepted density of CO₂ at STP is 1.96 g/L, what is the approximate percent error?",2,0.35175111640345497,2.7554376974843393,0:0.0949|1:0.0924|2:0.3518|3:0.0920|4:0.0925|5:0.0922|6:0.0923|7:0.0920
1,science_earth_sci_2015,science-earth-sci-2015.js,multiple-choice,The fossil at point X has been dated to be 65 million years old. What can relative dating indicate about the fossil at point Y?,5,0.27510393438479597,2.837853636094653,0:0.1822|1:0.0847|2:0.1055|3:0.0842|4:0.0865|5:0.2751|6:0.0984|7:0.0834
2,science_earth_sci_2015,science-earth-sci-2015.js,multiple-choice,The highest and lowest tides are known as the spring tides. When do these tides occur?,0,0.125,3.0,0:0.1250|1:0.1250|2:0.1250|3:0.1250|4:0.1250|5:0.1250|6:0.1250|7:0.1250
3,science_earth_sci_2015,science-earth-sci-2015.js,multiple-choice,Which best describes the area shown in this aerial photograph?,4,0.382838582549273,2.2085811309177656,0:0.0407|1:0.3667|2:0.0451|3:0.0425|4:0.3828|5:0.0407|6:0.0410|7:0.0405
4,science_earth_sci_2015,science-earth-sci-2015.js,multiple-choice,The moon has a stronger influence on Earth's tides than the sun because the moon —,1,0.44979306447068185,2.462809760834992,0:0.0617|1:0.4498|2:0.1719|3:0.0612|4:0.0618|5:0.0710|6:0.0615|7:0.0611
5,science_earth_sci_2015,science-earth-sci-2015.js,multiple-choice,Remains of ancient life are most often preserved through which process?,4,0.7129510479184689,1.670722615087728,0:0.0410|1:0.0410|2:0.0409|3:0.0409|4:0.7130|5:0.0409|6:0.0414|7:0.0409
6,science_earth_sci_2015,science-earth-sci-2015.js,multiple-choice,Environmental effects of the impact of a meteorite 66.4 million years ago may have led to the extinction of many species on Earth. Which evidence best supports this theory?,1,0.5491890750173489,2.1738779158621395,0:0.0486|1:0.5492|2:0.1564|3:0.0485|4:0.0509|5:0.0492|6:0.0488|7:0.0484
7,science_earth_sci_2015,science-earth-sci-2015.js,drag-drop,"When a river flows into a lake, the velocity of the water decreases. Which sediments will most likely be in the numbered locations?",2,0.4605369285287536,2.0472436100358204,0:0.3329|1:0.0342|2:0.4605|3:0.0342|4:0.0343|5:0.0342|6:0.0354|7:0.0342
8,science_earth_sci_2015,science-earth-sci-2015.js,drag-drop,Which type of rock is formed by each process?,4,0.7521899251934476,1.5034746139674526,0:0.0354|1:0.0354|2:0.0353|3:0.0353|4:0.7522|5:0.0353|6:0.0358|7:0.0353
9,science_earth_sci_2015,science-earth-sci-2015.js,multiple-choice,"A student hypothesizes that water from infrequently used school faucets contains more chemical impurities than the water from frequently used faucets. At the same time of day, the student uses a water test kit to measure the water impurities from the different faucets. Which is the manipulated variable in this investigation?",2,0.4721125812506933,2.0063914334649406,0:0.3320|1:0.0326|2:0.4721|3:0.0326|4:0.0327|5:0.0326|6:0.0327|7:0.0326
10,science_earth_sci_2015,science-earth-sci-2015.js,multiple-choice,Which coordinates identify a location north of a city that has a latitude of 38.0°N and a longitude of 25.0°W?,2,0.3699446701784461,2.7185461968069404,0:0.0881|1:0.0900|2:0.3699|3:0.0878|4:0.0996|5:0.0879|6:0.0889|7:0.0878
11,science_earth_sci_2015,science-earth-sci-2015.js,multiple-choice,At which range of altitude is air pressure closest to 40 kPa based on these data?,2,0.6579449839463638,1.8868529196909862,0:0.0478|1:0.0482|2:0.6579|3:0.0481|4:0.0486|5:0.0502|6:0.0516|7:0.0477
12,science_earth_sci_2015,science-earth-sci-2015.js,multiple-choice,Which was the first object made by humans to orbit Earth?,1,0.3772461279167393,2.3889750976662114,0:0.0521|1:0.3772|2:0.3093|3:0.0520|4:0.0521|5:0.0533|6:0.0521|7:0.0519
13,science_earth_sci_2015,science-earth-sci-2015.js,multiple-choice,Under which condition would a lowering of the water table most likely occur?,2,0.6303751446011262,1.8277700554703116,0:0.1726|1:0.0320|2:0.6304|3:0.0323|4:0.0321|5:0.0320|6:0.0366|7:0.0320
14,science_earth_sci_2015,science-earth-sci-2015.js,multiple-choice,This weather map helps to predict the location where a storm will occur by giving which type of information?,4,0.5180362943343897,2.3229010306395335,0:0.0526|1:0.0884|2:0.1075|3:0.0749|4:0.5180|5:0.0524|6:0.0538|7:0.0524
15,science_earth_sci_2015,science-earth-sci-2015.js,multiple-choice,Spacecraft traveling to Jupiter from Earth would most likely have to navigate through or around which natural obstacle?,2,0.6849333110664824,1.7808138132594977,0:0.0426|1:0.0429|2:0.6849|3:0.0426|4:0.0427|5:0.0572|6:0.0445|7:0.0426
16,science_earth_sci_2015,science-earth-sci-2015.js,multiple-choice,"A geologist studying volcanic activity is collecting rocks that formed from hot, molten magma. What type of rock is the geologist collecting?",4,0.6720480062592257,1.8334339235718324,0:0.0466|1:0.0466|2:0.0487|3:0.0465|4:0.6720|5:0.0464|6:0.0469|7:0.0463
17,science_earth_sci_2015,science-earth-sci-2015.js,multiple-choice,Which substance is a mixture of organic matter and weathered rock?,4,0.5458455399520294,2.2643194448081783,0:0.0621|1:0.0617|2:0.0844|3:0.0616|4:0.5458|5:0.0613|6:0.0618|7:0.0612
18,science_earth_sci_2015,science-earth-sci-2015.js,multiple-choice,Which natural process is the main cause of the ocean currents shown?,4,0.6706533829292989,1.8173770511474063,0:0.0405|1:0.0416|2:0.0848|3:0.0405|4:0.6707|5:0.0405|6:0.0411|7:0.0404
19,science_earth_sci_2015,science-earth-sci-2015.js,multiple-choice,Determining how the sea floor changes over time has given scientists information about the —,1,0.6091559434401864,2.01101139310968,0:0.0447|1:0.6092|2:0.1215|3:0.0458|4:0.0448|5:0.0446|6:0.0449|7:0.0446
20,science_earth_sci_2015,science-earth-sci-2015.js,multiple-choice,Why do regions of the world near the equator (0° latitude) have a more consistent climate than regions at middle latitudes?,0,0.125,3.0,0:0.1250|1:0.1250|2:0.1250|3:0.1250|4:0.1250|5:0.1250|6:0.1250|7:0.1250
21,science_earth_sci_2015,science-earth-sci-2015.js,multiple-choice,"In order to protect aquifers near landfills, material is placed under the soil to prevent pollution. Which property must the protective material possess?",1,0.2345221069441484,2.836808890533918,0:0.1378|1:0.2345|2:0.0736|3:0.0860|4:0.1107|5:0.0711|6:0.2152|7:0.0709
22,science_earth_sci_2015,science-earth-sci-2015.js,multiple-choice,Which is a characteristic of all nonfoliated metamorphic rocks?,6,0.6719021979461777,1.8339373836467905,0:0.0462|1:0.0462|2:0.0467|3:0.0492|4:0.0475|5:0.0462|6:0.6719|7:0.0460
23,science_earth_sci_2015,science-earth-sci-2015.js,multiple-choice,Students made a hydrometer by sealing the end of a straw with wax and adding some sand until the hydrometer barely floated in fresh water. The diagram shows what the students observed when they used the hydrometer to test water from three different sites. Each water sample had the same temperature. Which of these explanations best fits these observations?,0,0.4108123938942107,2.112207022964852,0:0.4108|1:0.0370|2:0.3677|3:0.0369|4:0.0370|5:0.0369|6:0.0369|7:0.0368
24,science_earth_sci_2015,science-earth-sci-2015.js,multiple-choice,The cleavage properties of mica result from the —,2,0.572478207404735,2.1848852864743264,0:0.0606|1:0.0606|2:0.5725|3:0.0606|4:0.0607|5:0.0606|6:0.0639|7:0.0606
25,science_earth_sci_2015,science-earth-sci-2015.js,multiple-choice,A star begins its formation as gravitational forces cause instability within a —,4,0.25050077501966905,2.773953411796195,0:0.0698|1:0.2433|2:0.1372|3:0.0698|4:0.2505|5:0.0696|6:0.0901|7:0.0696
26,science_earth_sci_2015,science-earth-sci-2015.js,multiple-choice,The diagram represents areas below the surface of Earth in which fossils have been found. The fossil located in which labeled area is most likely the oldest?,2,0.49212862906638993,2.2467897128867063,0:0.0450|1:0.0452|2:0.4921|3:0.0450|4:0.2175|5:0.0639|6:0.0463|7:0.0449
27,science_earth_sci_2015,science-earth-sci-2015.js,multiple-choice,Which structure is most similar to an alluvial fan in formation and composition?,0,0.125,3.0,0:0.1250|1:0.1250|2:0.1250|3:0.1250|4:0.1250|5:0.1250|6:0.1250|7:0.1250
28,science_earth_sci_2015,science-earth-sci-2015.js,drag-drop,Label these ocean features.,4,0.2771168626348822,2.791870372405875,0:0.0842|1:0.0845|2:0.2203|3:0.0834|4:0.2771|5:0.0833|6:0.0840|7:0.0832
29,science_earth_sci_2015,science-earth-sci-2015.js,multiple-choice,Scientists study small pockets of air trapped deep within frozen glaciers. What are scientists trying to understand about the climate of Earth by analyzing these ice samples?,1,0.7300345328781307,1.5988256672179082,0:0.0379|1:0.7300|2:0.0433|3:0.0378|4:0.0378|5:0.0379|6:0.0376|7:0.0376
30,science_earth_sci_2015,science-earth-sci-2015.js,multiple-choice,The picture shows a sinkhole. Which of these most likely caused this sinkhole to form?,2,0.6456520288432163,1.9325805560737106,0:0.0502|1:0.0501|2:0.6457|3:0.0500|4:0.0510|5:0.0501|6:0.0528|7:0.0500
31,science_earth_sci_2015,science-earth-sci-2015.js,multiple-choice,Which Virginia watershed has the greatest impact in the state due to its size?,2,0.32923200734729974,2.7972230298836895,0:0.0958|1:0.0958|2:0.3292|3:0.0958|4:0.0960|5:0.0957|6:0.0960|7:0.0957
32,science_earth_sci_2015,science-earth-sci-2015.js,multiple-choice,Which mineral is most likely an ingredient used in baby powder?,2,0.656938533580504,1.8907693080131378,0:0.0489|1:0.0487|2:0.6569|3:0.0487|4:0.0488|5:0.0487|6:0.0506|7:0.0487
33,science_earth_sci_2015,science-earth-sci-2015.js,multiple-choice,Pollution due to coal burning most frequently tends to affect lakes by —,0,0.125,3.0,0:0.1250|1:0.1250|2:0.1250|3:0.1250|4:0.1250|5:0.1250|6:0.1250|7:0.1250
34,science_earth_sci_2015,science-earth-sci-2015.js,multiple-choice,Some ponds are designed to increase the amount of water seeping into the ground. These types of ponds will fail to work properly in —,0,0.6995614061470726,1.7252267845758287,0:0.6996|1:0.0428|2:0.0432|3:0.0424|4:0.0439|5:0.0424|6:0.0434|7:0.0424
35,science_earth_sci_2015,science-earth-sci-2015.js,multiple-choice,Which action would most likely reduce concerns about how strip mining can harm the environment?,2,0.6842530876337561,1.7860352367914736,0:0.0448|1:0.0448|2:0.6843|3:0.0448|4:0.0448|5:0.0448|6:0.0471|7:0.0447
36,science_earth_sci_2015,science-earth-sci-2015.js,drag-drop,Identify the geologic time in which these organisms first appeared.,1,0.5473698209659054,2.2413366036203013,0:0.0572|1:0.5474|2:0.1100|3:0.0572|4:0.0575|5:0.0569|6:0.0569|7:0.0569
37,science_earth_sci_2015,science-earth-sci-2015.js,multiple-choice,Crushed stone is an economic resource that is second only to coal in Virginia. How is crushed stone mainly used?,2,0.47523277462790464,2.4714317729349795,0:0.0756|1:0.0748|2:0.4752|3:0.0748|4:0.0750|5:0.0748|6:0.0751|7:0.0747
38,science_earth_sci_2015,science-earth-sci-2015.js,multiple-choice,A student hypothesizes that a sample of rock formed from ocean sediments. Which would best help the student support this hypothesis?,2,0.7630613197744927,1.4550381280641558,0:0.0335|1:0.0336|2:0.7631|3:0.0335|4:0.0349|5:0.0335|6:0.0346|7:0.0335
39,science_earth_sci_2015,science-earth-sci-2015.js,multiple-choice,"About 2.0 billion years ago, complex organisms began to inhabit Earth. These complex organisms developed primarily because of —",1,0.5812571573543573,2.1509755187567854,0:0.0566|1:0.5813|2:0.0803|3:0.0561|4:0.0565|5:0.0575|6:0.0559|7:0.0558
40,science_earth_sci_2015,science-earth-sci-2015.js,multiple-choice,Students on a geology field trip will identify minerals by their streak. Which of these should the students bring on the field trip?,2,0.4190359517070567,2.5473025792708253,0:0.1720|1:0.0684|2:0.4190|3:0.0681|4:0.0682|5:0.0680|6:0.0684|7:0.0679
41,science_earth_sci_2015,science-earth-sci-2015.js,drag-drop,"Well logs are used by oil companies to correlate geologic formations. Based on the formations in Well A, which geologic formations are missing in Well B?",2,0.5762497415820975,2.1721947054277617,0:0.0590|1:0.0587|2:0.5762|3:0.0597|4:0.0588|5:0.0663|6:0.0626|7:0.0587
42,science_earth_sci_2015,science-earth-sci-2015.js,multiple-choice,"A low pressure system has moved away from the equator and is moving directly over water. When the system reaches 60°N latitude, the system will most likely be at a point where —",2,0.40728765223544977,2.253000672813001,0:0.3213|1:0.0394|2:0.4073|3:0.0394|4:0.0395|5:0.0733|6:0.0404|7:0.0394
43,science_earth_sci_2015,science-earth-sci-2015.js,drag-drop,"Starting with the event that scientists theorize happened first and ending with the event that scientists theorize happened last, arrange the events in chronological order.",1,0.7191390478551566,1.6419538136589615,0:0.0380|1:0.7191|2:0.0381|3:0.0382|4:0.0381|5:0.0379|6:0.0529|7:0.0378
44,science_earth_sci_2015,science-earth-sci-2015.js,multiple-choice,Which characteristic do all the planets in our solar system have in common?,6,0.7113927724239552,1.677015618115323,0:0.0406|1:0.0406|2:0.0410|3:0.0434|4:0.0419|5:0.0406|6:0.7114|7:0.0404
45,science_earth_sci_2015,science-earth-sci-2015.js,multiple-choice,"A scientist is studying energy transfer that occurs in the oceans, atmosphere, and Earth's interior. Which of these is the scientist most likely studying?",2,0.4588893609919417,2.1014069197708305,0:0.0370|1:0.0372|2:0.4589|3:0.0370|4:0.0371|5:0.3178|6:0.0380|7:0.0370
1,science_grade5_2015,science-grade5-2015.js,multiple-choice,A fungus is found growing on dead leaves on the forest floor. The fungus is an example of a--,2,0.4349652911021615,2.573612888230385,0:0.0795|1:0.0794|2:0.4350|3:0.0797|4:0.0868|5:0.0793|6:0.0811|7:0.0793
2,science_grade5_2015,science-grade5-2015.js,multiple-choice,"Based on the table, how much rainfall should a scientist have predicted for May of 2011 in Norfolk?",3,0.6740069143233699,1.8258171664544358,0:0.0460|1:0.0462|2:0.0466|3:0.6740|4:0.0461|5:0.0493|6:0.0462|7:0.0455
3,science_grade5_2015,science-grade5-2015.js,multiple-choice,Which of these best explains why the sun is not visible during the night?,1,0.6766407581175706,1.815710780585539,0:0.0457|1:0.6766|2:0.0467|3:0.0480|4:0.0458|5:0.0458|6:0.0457|7:0.0456
4,science_grade5_2015,science-grade5-2015.js,multiple-choice,A model of a plate boundary is shown. What most likely happens as the plates slide past each other?,2,0.4645799788313263,2.113188324535729,0:0.0377|1:0.0377|2:0.4646|3:0.0377|4:0.3072|5:0.0377|6:0.0395|7:0.0377
5,science_grade5_2015,science-grade5-2015.js,free-response,What is the mass of the rock shown?,4,0.6513439707735336,1.9053233931548947,0:0.0460|1:0.0467|2:0.0701|3:0.0476|4:0.6513|5:0.0459|6:0.0465|7:0.0458
6,science_grade5_2015,science-grade5-2015.js,multiple-choice,"During pollination, pollen is transferred from a stamen to a--",0,0.125,3.0,0:0.1250|1:0.1250|2:0.1250|3:0.1250|4:0.1250|5:0.1250|6:0.1250|7:0.1250
7,science_grade5_2015,science-grade5-2015.js,multiple-choice,Which of these is an impact made by humans?,2,0.5356375325754361,2.2999624859432544,0:0.0663|1:0.0664|2:0.5356|3:0.0663|4:0.0664|5:0.0663|6:0.0663|7:0.0663
8,science_grade5_2015,science-grade5-2015.js,multiple-choice,Lobster pots are used by fishermen to catch lobsters in shallow water. In which area of the ocean would commercial fishermen most likely place their lobster pots?,2,0.5474696911199078,2.065786747472052,0:0.2123|1:0.0398|2:0.5475|3:0.0398|4:0.0399|5:0.0398|6:0.0411|7:0.0398
9,science_grade5_2015,science-grade5-2015.js,multiple-choice,Which unit is best to use to measure the distance a runner covered in 30 seconds?,1,0.5551007841470421,2.193292885626303,0:0.0524|1:0.5551|2:0.1295|3:0.0514|4:0.0521|5:0.0571|6:0.0513|7:0.0511
10,science_grade5_2015,science-grade5-2015.js,multiple-choice,In which direction will the ball most likely go after it hits the wall?,2,0.6918660974091018,1.7559594144140767,0:0.0437|1:0.0437|2:0.6919|3:0.0436|4:0.0437|5:0.0437|6:0.0462|7:0.0436
11,science_grade5_2015,science-grade5-2015.js,multiple-choice,What is the difference between 5/12 and 1/4,0,0.125,3.0,0:0.1250|1:0.1250|2:0.1250|3:0.1250|4:0.1250|5:0.1250|6:0.1250|7:0.1250
12,science_grade5_2015,science-grade5-2015.js,multiple-choice,Which cell part is necessary for producing food?,4,0.29837081290916806,2.7720142386877025,0:0.0704|1:0.1177|2:0.0882|3:0.0709|4:0.2984|5:0.0889|6:0.1958|7:0.0697
13,science_grade5_2015,science-grade5-2015.js,multiple-choice,One way in which light waves are different from sound waves is that light waves--,2,0.39560677514716713,2.6440257082885417,0:0.0811|1:0.0773|2:0.3956|3:0.0772|4:0.0786|5:0.0773|6:0.1358|7:0.0771
14,science_grade5_2015,science-grade5-2015.js,multiple-choice,Which material will correctly complete the chart?,4,0.4059634351906983,2.6406027772270333,0:0.0887|1:0.0952|2:0.0840|3:0.0813|4:0.4060|5:0.0816|6:0.0821|7:0.0811
15,science_grade5_2015,science-grade5-2015.js,multiple-choice,A student rubbed a plastic comb with a piece of wool cloth and then placed the comb near a stream of water. The water bent toward the comb as shown because of-,0,0.35898249220572837,2.2757210701923585,0:0.3590|1:0.0342|2:0.3394|3:0.0342|4:0.1307|5:0.0341|6:0.0343|7:0.0341
16,science_grade5_2015,science-grade5-2015.js,multiple-choice,Which plant part develops into a fruit?,6,0.5378483323579427,2.2894012499347856,0:0.0609|1:0.0713|2:0.0813|3:0.0623|4:0.0658|5:0.0605|6:0.5378|7:0.0601
17,science_grade5_2015,science-grade5-2015.js,multiple-choice,A student is investigating the time it takes for different objects to reach the ground after they are dropped. The constant in this investigation is the -,2,0.7193541162999458,1.6442018855785678,0:0.0401|1:0.0401|2:0.7194|3:0.0401|4:0.0401|5:0.0401|6:0.0401|7:0.0401
18,science_grade5_2015,science-grade5-2015.js,multiple-select,Identify the quantitative data shown.,4,0.39886073125548577,2.2893133521020097,0:0.0461|1:0.0467|2:0.3225|3:0.0463|4:0.3989|5:0.0461|6:0.0472|7:0.0461
19,science_grade5_2015,science-grade5-2015.js,multiple-choice,Which of these represents a correct flow of energy based on the food web shown?,4,0.41186638482824045,2.3876648426624034,0:0.0454|1:0.0405|2:0.0644|3:0.1128|4:0.4119|5:0.2480|6:0.0393|7:0.0377
20,science_grade5_2015,science-grade5-2015.js,multiple-choice,"When stirred together, which two substances form a solution?",2,0.2913768630722626,2.6871437579529003,0:0.0756|1:0.0726|2:0.2914|3:0.0728|4:0.2681|5:0.0736|6:0.0735|7:0.0724
21,science_grade5_2015,science-grade5-2015.js,multiple-choice,The plants are most likely responding to which factor in the environment?,2,0.6918660974091018,1.7559594144140767,0:0.0437|1:0.0437|2:0.6919|3:0.0436|4:0.0437|5:0.0437|6:0.0462|7:0.0436
22,science_grade5_2015,science-grade5-2015.js,multiple-choice,"The greater the frequency of a sound wave, the--",0,0.125,3.0,0:0.1250|1:0.1250|2:0.1250|3:0.1250|4:0.1250|5:0.1250|6:0.1250|7:0.1250
23,science_grade5_2015,science-grade5-2015.js,multiple-choice,"A student made the model showing the particles in a solid. To improve the model, the student should--",2,0.7445346110005634,1.5370081844685655,0:0.0365|1:0.0365|2:0.7445|3:0.0365|4:0.0365|5:0.0365|6:0.0365|7:0.0365
24,science_grade5_2015,science-grade5-2015.js,multiple-choice,Which substance produced during photosynthesis is represented by the X in the illustration?,4,0.25966699337319066,2.7757284323323024,0:0.0824|1:0.0815|2:0.2506|3:0.0813|4:0.2597|5:0.0814|6:0.0819|7:0.0813
25,science_grade5_2015,science-grade5-2015.js,multiple-choice,Which of these animals is classified as a vertebrate?,0,0.125,3.0,0:0.1250|1:0.1250|2:0.1250|3:0.1250|4:0.1250|5:0.1250|6:0.1250|7:0.1250
26,science_grade5_2015,science-grade5-2015.js,multiple-choice,"An electromagnet can be made using a battery, insulated wire, and--",2,0.7123419617244305,1.6732349155268418,0:0.0411|1:0.0411|2:0.7123|3:0.0411|4:0.0411|5:0.0411|6:0.0411|7:0.0411
27,science_grade5_2015,science-grade5-2015.js,multiple-choice,High and low tides on the coast are caused mostly by -,0,0.125,3.0,0:0.1250|1:0.1250|2:0.1250|3:0.1250|4:0.1250|5:0.1250|6:0.1250|7:0.1250
28,science_grade5_2015,science-grade5-2015.js,multiple-choice,The plant shown grows in swamps and produces an odor similar to a skunk. Why should people preserve a plant like the skunk cabbage?,6,0.39829238183245674,2.398874628322638,0:0.0493|1:0.0589|2:0.0658|3:0.0503|4:0.2796|5:0.0491|6:0.3983|7:0.0487
29,science_grade5_2015,science-grade5-2015.js,multiple-choice,Which pair of organisms needs to switch places for the ocean food chain to be correct?,1,0.3464301797807057,2.545856940187848,0:0.0789|1:0.3464|2:0.0738|3:0.0559|4:0.2746|5:0.0591|6:0.0558|7:0.0554
30,science_grade5_2015,science-grade5-2015.js,multiple-choice,Students investigated how different colors of construction paper in a solar oven affect the heating of water. Which graph correctly represents the data for the brown construction paper?,2,0.29050505730102305,2.4400034667374126,0:0.2495|1:0.0390|2:0.2905|3:0.0389|4:0.2643|5:0.0397|6:0.0394|7:0.0387
31,science_grade5_2015,science-grade5-2015.js,multiple-choice,A student made a track for a toy sled using 4 different materials. At which section of the track is friction most likely to cause the greatest resistance to the motion of the toy sled?,2,0.7778167671783155,1.3878767730246921,0:0.0317|1:0.0317|2:0.7778|3:0.0317|4:0.0317|5:0.0317|6:0.0322|7:0.0317
32,science_grade5_2015,science-grade5-2015.js,multiple-choice,Which pair of colors is in order from the longest wavelength of light in the visible spectrum to the shortest wavelength?,6,0.27153669258922986,2.782472842510877,0:0.1264|1:0.2221|2:0.0788|3:0.0769|4:0.0766|5:0.0739|6:0.2715|7:0.0737
33,science_grade5_2015,science-grade5-2015.js,multiple-choice,"Based on the mineral identification table, which mineral belongs in square X of the flow chart?",3,0.6740069143233699,1.8258171664544358,0:0.0460|1:0.0462|2:0.0466|3:0.6740|4:0.0461|5:0.0493|6:0.0462|7:0.0455
34,science_grade5_2015,science-grade5-2015.js,multiple-choice,The conveyor belt moves the groceries by transforming electrical energy into--,5,0.6553127037235122,1.896881926563684,0:0.0489|1:0.0492|2:0.0493|3:0.0491|4:0.0500|5:0.6553|6:0.0493|7:0.0489
35,science_grade5_2015,science-grade5-2015.js,multiple-choice,Students made a classroom barometer that can be used to measure--,2,0.6135398303374056,2.0473961337592246,0:0.0561|1:0.0550|2:0.6135|3:0.0550|4:0.0552|5:0.0550|6:0.0552|7:0.0550
36,science_grade5_2015,science-grade5-2015.js,multiple-choice,Which of these is an example of a behavioral adaptation?,0,0.125,3.0,0:0.1250|1:0.1250|2:0.1250|3:0.1250|4:0.1250|5:0.1250|6:0.1250|7:0.1250
37,science_grade5_2015,science-grade5-2015.js,multiple-choice,Coal is important for Virginia because it--,2,0.32923200734729974,2.7972230298836895,0:0.0958|1:0.0958|2:0.3292|3:0.0958|4:0.0960|5:0.0957|6:0.0960|7:0.0957
1,science_grade8_2015,science-grade8-2015.js,multiple-choice,"Sea anemones are poisonous. However, the clownfish has developed an outer layer of mucus which provides protection from the stinging cells of the sea anemone. The mucus is best described as--",1,0.6766407581175706,1.815710780585539,0:0.0457|1:0.6766|2:0.0467|3:0.0480|4:0.0458|5:0.0458|6:0.0457|7:0.0456
2,science_grade8_2015,science-grade8-2015.js,multiple-choice,Hurricanes form in tropical waters between 8 and 20 degrees north and south of the equator. Hurricanes rarely form at higher latitudes because the water is too--,0,0.38579998709732116,2.49815207777265,0:0.3858|1:0.0577|2:0.2507|3:0.0575|4:0.0747|5:0.0576|6:0.0585|7:0.0575
3,science_grade8_2015,science-grade8-2015.js,multiple-choice,"On a small island, scientists observed and graphed changes in wolf and moose populations. From 1965 to 1970, which data pattern did scientists observe?",1,0.7089118236683698,1.6848932838149278,0:0.0381|1:0.7089|2:0.0490|3:0.0423|4:0.0476|5:0.0380|6:0.0382|7:0.0379
4,science_grade8_2015,science-grade8-2015.js,multiple-choice,A metal spoon was placed in a dish of ice cream and became cool. Which correctly describes the heat transfer process that resulted in the cooling of the spoon?,4,0.6228353159299953,2.000684331848489,0:0.0607|1:0.0832|2:0.0478|3:0.0462|4:0.6228|5:0.0463|6:0.0469|7:0.0460
5,science_grade8_2015,science-grade8-2015.js,multiple-choice,"Students performed several trials using the laboratory setup shown. students were also given this hypothesis: If friction increases, then the rolling distance of a marble will decrease. What should be changed to best test this hypothesis?",2,0.7360208281359777,1.5737106696238463,0:0.0375|1:0.0373|2:0.7360|3:0.0372|4:0.0391|5:0.0372|6:0.0385|7:0.0372
6,science_grade8_2015,science-grade8-2015.js,multiple-choice,A student recorded the temperature of an aquarium each hour for 8 hours. Which of these will best display the data the student collected?,2,0.7528221290327421,1.5006901989376733,0:0.0353|1:0.0354|2:0.7528|3:0.0353|4:0.0353|5:0.0353|6:0.0353|7:0.0353
7,science_grade8_2015,science-grade8-2015.js,multiple-choice,A cold air mass moves underneath a warm air mass causing the warm air to rise. This event can best be identified as -,1,0.5684050256403426,2.194998728584706,0:0.0657|1:0.5684|2:0.0756|3:0.0586|4:0.0587|5:0.0578|6:0.0577|7:0.0575
8,science_grade8_2015,science-grade8-2015.js,multiple-choice,Which body of water is often protected naturally from storms by barrier islands and also contains a mixture of fresh water and salt water?,0,0.6995614061470726,1.7252267845758287,0:0.6996|1:0.0428|2:0.0432|3:0.0424|4:0.0439|5:0.0424|6:0.0434|7:0.0424
9,science_grade8_2015,science-grade8-2015.js,multiple-select,Which three drawings best represent objects with kinetic energy?,5,0.3894448694157947,2.1511045786873177,0:0.0384|1:0.3779|2:0.0390|3:0.0397|4:0.0386|5:0.3894|6:0.0385|7:0.0384
10,science_grade8_2015,science-grade8-2015.js,multiple-choice,Which of these best completes the Conversion Table?,1,0.3986437373826583,2.1229865277135485,0:0.0373|1:0.3986|2:0.0379|3:0.3771|4:0.0374|5:0.0371|6:0.0375|7:0.0370
11,science_grade8_2015,science-grade8-2015.js,multiple-choice,"A student measured the power of a motor operating at different temperatures. The student recorded a total of 11 measurements, one at each 2 degree interval between 10°C and 30°C. Which change in the procedure would most improve the validity of conclusions based on this investigation?",2,0.7578516430540008,1.47832144772033,0:0.0342|1:0.0342|2:0.7579|3:0.0342|4:0.0342|5:0.0361|6:0.0351|7:0.0342
12,science_grade8_2015,science-grade8-2015.js,multiple-choice,Which of these has the strongest gravitational field?,0,0.125,3.0,0:0.1250|1:0.1250|2:0.1250|3:0.1250|4:0.1250|5:0.1250|6:0.1250|7:0.1250
13,science_grade8_2015,science-grade8-2015.js,multiple-choice,Students placed steel wool in beakers of four different liquids in order of the most acidic to neutral. The students recorded their observations in the table. Which is the best conclusion based on the table?,2,0.4634839569818383,2.2291811720084307,0:0.0390|1:0.0387|2:0.4635|3:0.2576|4:0.0387|5:0.0385|6:0.0855|7:0.0385
14,science_grade8_2015,science-grade8-2015.js,multiple-choice,Which is the result of using a more powerful motor to run an elevator?,2,0.7274823456374315,1.610107675961182,0:0.0389|1:0.0389|2:0.7275|3:0.0389|4:0.0389|5:0.0389|6:0.0390|7:0.0389
15,science_grade8_2015,science-grade8-2015.js,multiple-choice,A major scientific concern over nuclear energy is how to--,5,0.6553127037235122,1.896881926563684,0:0.0489|1:0.0492|2:0.0493|3:0.0491|4:0.0500|5:0.6553|6:0.0493|7:0.0489
16,science_grade8_2015,science-grade8-2015.js,drag-drop,What are the ordered steps for cloud formation?,0,0.125,3.0,0:0.1250|1:0.1250|2:0.1250|3:0.1250|4:0.1250|5:0.1250|6:0.1250|7:0.1250
17,science_grade8_2015,science-grade8-2015.js,multiple-choice,"Why is water known as the ""universal solvent""?",0,0.6995614061470726,1.7252267845758287,0:0.6996|1:0.0428|2:0.0432|3:0.0424|4:0.0439|5:0.0424|6:0.0434|7:0.0424
18,science_grade8_2015,science-grade8-2015.js,multiple-choice,Which of these has been improved by genetic engineering?,0,0.125,3.0,0:0.1250|1:0.1250|2:0.1250|3:0.1250|4:0.1250|5:0.1250|6:0.1250|7:0.1250
19,science_grade8_2015,science-grade8-2015.js,multiple-choice,Which action will most reduce the use of nonrenewable energy resources in a school district?,5,0.5433797116508405,2.2080645153588527,0:0.0514|1:0.0519|2:0.1475|3:0.0514|4:0.0516|5:0.5434|6:0.0515|7:0.0513
20,science_grade8_2015,science-grade8-2015.js,multiple-choice,Sound waves are unable to travel through--,0,0.125,3.0,0:0.1250|1:0.1250|2:0.1250|3:0.1250|4:0.1250|5:0.1250|6:0.1250|7:0.1250
21,science_grade8_2015,science-grade8-2015.js,multiple-choice,"The speed of light is about 300,000,000 m/s. Which is the correct expression for the speed of light in scientific notation?",4,0.23768378624551764,2.8702929424119823,0:0.1881|1:0.0896|2:0.0934|3:0.0786|4:0.2377|5:0.0927|6:0.1424|7:0.0775
22,science_grade8_2015,science-grade8-2015.js,multiple-choice,"Which of these properties of an unknown liquid can be found using a beaker, a hot plate, and a temperature probe?",2,0.6755044116907154,1.8201772237284188,0:0.0463|1:0.0463|2:0.6755|3:0.0463|4:0.0464|5:0.0463|6:0.0465|7:0.0463
23,science_grade8_2015,science-grade8-2015.js,drag-drop,Place the terms in the order of the simplest level of organization to the most complex.,6,0.2746097386759062,2.7167713437431766,0:0.0780|1:0.2694|2:0.0759|3:0.0800|4:0.0752|5:0.0737|6:0.2746|7:0.0733
24,science_grade8_2015,science-grade8-2015.js,multiple-choice,"A group of campers travels to a cabin which has no electrical power. In order to provide the power for a heater and lights, which device would be appropriate?",2,0.4460123594097728,2.466432244101701,0:0.0627|1:0.0632|2:0.4460|3:0.0627|4:0.0628|5:0.0627|6:0.1772|7:0.0627
25,science_grade8_2015,science-grade8-2015.js,multiple-choice,Which of the.se i.s most likely the result of weasels and foxes depending on the same food source?,2,0.6501376712024568,1.91545479880968,0:0.0487|1:0.0487|2:0.6501|3:0.0486|4:0.0487|5:0.0563|6:0.0503|7:0.0486
26,science_grade8_2015,science-grade8-2015.js,multiple-choice,"A farmer wants to plant a crop that grows well in a marshland environment. In order to produce a good harvest, the most important characteristic this plant should have is the ability to--",6,0.6475279835811173,1.9175583824641365,0:0.0456|1:0.0736|2:0.0474|3:0.0482|4:0.0470|5:0.0454|6:0.6475|7:0.0452
27,science_grade8_2015,science-grade8-2015.js,multiple-choice,"The volume of water in the pot decreases during this investigation. Water droplets form on the mirror when positioned over the pot. In this setup, water--",0,0.5887678315248899,2.0393630783812893,0:0.5888|1:0.0433|2:0.1513|3:0.0432|4:0.0434|5:0.0432|6:0.0435|7:0.0432
28,science_grade8_2015,science-grade8-2015.js,multiple-choice,Which is an abiotic change in an ecosystem?,0,0.125,3.0,0:0.1250|1:0.1250|2:0.1250|3:0.1250|4:0.1250|5:0.1250|6:0.1250|7:0.1250
29,science_grade8_2015,science-grade8-2015.js,free-response,Ca + 2H₂O → Ca(OH)₂ + H₂ How many different elements are involved in the chemical reaction shown?,4,0.6101444476726068,1.9458701879031945,0:0.0391|1:0.0387|2:0.1569|3:0.0387|4:0.6101|5:0.0387|6:0.0391|7:0.0386
30,science_grade8_2015,science-grade8-2015.js,multiple-choice,Physical and chemical weathering processes are responsible for breaking down rocks. Which of these is an example of chemical weathering by water?,4,0.39022617556770917,2.3505791799052824,0:0.3092|1:0.0489|2:0.0575|3:0.0483|4:0.3902|5:0.0483|6:0.0493|7:0.0483
31,science_grade8_2015,science-grade8-2015.js,multiple-choice,The shaded row in the t.able is called a--,3,0.6695537941165088,1.843051481878884,0:0.0471|1:0.0473|2:0.0477|3:0.6696|4:0.0473|5:0.0468|6:0.0474|7:0.0468
32,science_grade8_2015,science-grade8-2015.js,multiple-choice,White-footed mice having thicker fur than cactus mice is probably influenced most by the differences in the--,0,0.125,3.0,0:0.1250|1:0.1250|2:0.1250|3:0.1250|4:0.1250|5:0.1250|6:0.1250|7:0.1250
33,science_grade8_2015,science-grade8-2015.js,multiple-choice,"During human fertilization, an egg and a sperm cell unite. Which structures in these cells carry the genes that will be transferred to the offspring?",4,0.29891067008436595,2.6973959640624003,0:0.0743|1:0.0742|2:0.0750|3:0.0750|4:0.2989|5:0.0744|6:0.2543|7:0.0739
34,science_grade8_2015,science-grade8-2015.js,multiple-choice,Which facility relies on a nonrenewable source of energy?,5,0.6553127037235122,1.896881926563684,0:0.0489|1:0.0492|2:0.0493|3:0.0491|4:0.0500|5:0.6553|6:0.0493|7:0.0489
35,science_grade8_2015,science-grade8-2015.js,multiple-choice,"As the frequency of a wave decreases, the wave's--",0,0.125,3.0,0:0.1250|1:0.1250|2:0.1250|3:0.1250|4:0.1250|5:0.1250|6:0.1250|7:0.1250
36,science_grade8_2015,science-grade8-2015.js,multiple-choice,This picture shows a zebra with two tick birds on its back. The tick birds alert the zebras that predators are near as well as remove and eat ticks found on zebras. What is the primary type of interaction between the tick birds and the zebras?,4,0.5319004734888989,2.2447042518508993,0:0.0531|1:0.0530|2:0.1488|3:0.0536|4:0.5319|5:0.0530|6:0.0537|7:0.0529
37,science_grade8_2015,science-grade8-2015.js,multiple-choice,Which change will most likely increase the strength of a magnetic field produced by an electromagnet?,2,0.6140923347648066,2.0454426600800133,0:0.0548|1:0.0549|2:0.6141|3:0.0548|4:0.0549|5:0.0549|6:0.0569|7:0.0548
38,science_grade8_2015,science-grade8-2015.js,multiple-choice,The physical expression of a trait in an organism is known as the--,2,0.30255321651265843,2.734711615304092,0:0.0781|1:0.0798|2:0.3026|3:0.0780|4:0.0783|5:0.0780|6:0.2274|7:0.0779
39,science_grade8_2015,science-grade8-2015.js,multiple-choice,Which statement correctly describes a difference between the mesosphere and the stratosphere?,4,0.43897024130472845,2.509647280662829,0:0.0667|1:0.1600|2:0.0677|3:0.0667|4:0.4390|5:0.0664|6:0.0672|7:0.0662
40,science_grade8_2015,science-grade8-2015.js,multiple-select,Which organisms are producers in this food web?,1,0.49716507443095853,2.40332209505626,0:0.0659|1:0.4972|2:0.0768|3:0.0653|4:0.0977|5:0.0673|6:0.0651|7:0.0648
41,science_grade8_2015,science-grade8-2015.js,multiple-choice,Which of these represents the freezing point of water in correct SI units?,0,0.37586869431035647,2.3920163356037816,0:0.3759|1:0.0445|2:0.0448|3:0.0445|4:0.2961|5:0.1055|6:0.0449|7:0.0439
42,science_grade8_2015,science-grade8-2015.js,multiple-choice,A girl kicks a soccer ball into the air. Which of these best explains why the soccer ball falls back to Earth?,1,0.6492572899766884,1.9050217825141131,0:0.0449|1:0.6493|2:0.0815|3:0.0449|4:0.0449|5:0.0456|6:0.0446|7:0.0443
43,science_grade8_2015,science-grade8-2015.js,multiple-choice,Students measured the amount of an unknown substance that dissolved in water at different temperatures. What was the independent variable in this investigation?,2,0.4146460950445532,2.2329396177079808,0:0.3247|1:0.0432|2:0.4146|3:0.0431|4:0.0443|5:0.0431|6:0.0438|7:0.0431
44,science_grade8_2015,science-grade8-2015.js,multiple-choice,Which characteristic is common to the four outer planets in our solar system?,6,0.6941472123775927,1.7467189331872728,0:0.0427|1:0.0427|2:0.0464|3:0.0452|4:0.0440|5:0.0425|6:0.6941|7:0.0423
45,science_grade8_2015,science-grade8-2015.js,multiple-choice,"When comparing a plant cell to an animal cell, only the plant cell will contain--",6,0.4265052189140209,2.4574773923960764,0:0.0588|1:0.0615|2:0.0604|3:0.0603|4:0.2154|5:0.0587|6:0.4265|7:0.0584
46,science_grade8_2015,science-grade8-2015.js,multiple-choice,"A student measures her heart rate after each of the activities listed. Based on this information, which is a constant in the student's investigation?",2,0.7476022584121568,1.5235477920971805,0:0.0356|1:0.0356|2:0.7476|3:0.0357|4:0.0356|5:0.0376|6:0.0368|7:0.0356
47,science_grade8_2015,science-grade8-2015.js,multiple-choice,Which of these is the best description of a typical organism in the Plant kingdom?,1,0.3667231253872338,2.3872984552729335,0:0.0461|1:0.3667|2:0.0863|3:0.0467|4:0.0467|5:0.0461|6:0.3154|7:0.0459
48,science_grade8_2015,science-grade8-2015.js,multiple-choice,Which of these is a way that a person can help improve air quality?,2,0.31064571499135235,2.5858497368427638,0:0.0655|1:0.2980|2:0.3106|3:0.0652|4:0.0653|5:0.0651|6:0.0652|7:0.0651
